License Serial Number,License Type Name,License Class Code,License Type Code,Agency Zone Office Name,Agency Zone Office Number,County Name (Licensee),Premises Name,Doing Business As (DBA),Actual Address of Premises (Address1),Additional Address Information (Address2),City,State,Zip,License Certificate Number,License Original Issue Date,License Effective Date,License Expiration Date,Latitude,Longitude,Location
1003329,CLUB LIQUOR,243,CL,New York,1,BRONX,WILLIAM E IRWIN JR,POST 774 AMERICAN LEGION INC,3035 37 CORLEAR AVE,,BRONX,NY,10463,857813,,03/01/2016,02/28/2018,40.8795071895,-73.9085864927,"(40.8795071895, -73.9085864927)"
1003335,CLUB LIQUOR,243,CL,New York,1,BRONX,AMERICAN TURNERS NEW YORK INC,,748 CLARENCE AVENUE,,BRONX,NY,10465,850278,,07/01/2015,06/30/2017,40.8304162369,-73.8156697685,"(40.8304162369, -73.8156697685)"
1003336,CLUB LIQUOR,243,CL,New York,1,BRONX,AMPERE FISHING & YACHT CLUB INC,,1610 BAYSHORE AVE,,BRONX,NY,10465,857871,10/17/2001,03/01/2016,02/28/2018,40.8463327211,-73.8163499741,"(40.8463327211, -73.8163499741)"
1003348,CLUB LIQUOR,243,CL,New York,1,BRONX,PRIMROSE CRICKET CLUB INC,,3836 WHITE PLAINS ROAD,,BRONX,NY,10467,859585,09/04/1979,04/05/2016,02/28/2018,40.8846156943,-73.8622450608,"(40.8846156943, -73.8622450608)"
1003349,CLUB LIQUOR,243,CL,New York,1,BRONX,WEMBLEY ATHLETIC CLUB INC,,550 E 239TH STREET,,BRONX,NY,10470,857127,09/03/1976,03/01/2016,02/28/2018,40.901652992,-73.856753288,"(40.901652992, -73.856753288)"
1003571,LIQUOR STORE,222,L,New York,1,BRONX,EHE LIQUOR CORP,,327 E 158TH STREET,,BRONX,NY,10451,875606,,03/01/2016,02/28/2019,40.8230048584,-73.9169727724,"(40.8230048584, -73.9169727724)"
1003582,LIQUOR STORE,222,L,New York,1,BRONX,C & E SPIRITS & WINES INC,,88 E 167TH STREET,,BRONX,NY,10452,860346,,09/01/2014,08/31/2017,40.8351932215,-73.9198881784,"(40.8351932215, -73.9198881784)"
1003594,LIQUOR STORE,222,L,New York,1,BRONX,7 EAST MT EDEN LIQUOR INC,,7 E MOUNT EDEN AVENUE,,BRONX,NY,10452,828909,,06/01/2014,05/31/2017,40.8443215623,-73.9145249655,"(40.8443215623, -73.9145249655)"
1003595,LIQUOR STORE,222,L,New York,1,BRONX,BENIGNO LEONEL DE LOS SANTOS,MONTE CARLO WINE & LIQ STR,119 E BURNSIDE AVENUE,,BRONX,NY,10453,874955,,01/01/2016,12/31/2018,40.8530979488,-73.905311532,"(40.8530979488, -73.905311532)"
1003602,LIQUOR STORE,222,L,New York,1,BRONX,WEST BRONX WINES & LIQUORS INC,WEST BRONX LIQUOR STORE,11 1/2 W 183RD STREET,,BRONX,NY,10453,857296,,06/01/2015,05/31/2018,40.8586190011,-73.9044844778,"(40.8586190011, -73.9044844778)"
1003604,LIQUOR STORE,222,L,New York,1,BRONX,55 EAST TREMONT LIQUOR INC,,55 E TREMONT AVENUE,,BRONX,NY,10453,862474,12/03/1990,12/01/2014,11/30/2017,40.8513125344,-73.9082823194,"(40.8513125344, -73.9082823194)"
1003606,LIQUOR STORE,222,L,New York,1,BRONX,A M F T INC,WINE & LIQUOR STORE,571 E 141ST STREET,,BRONX,NY,10454,866207,,03/02/2015,02/28/2018,40.8086725331,-73.9157647207,"(40.8086725331, -73.9157647207)"
1003613,LIQUOR STORE,222,L,New York,1,BRONX,LIYAU TRADING INC,WINE LIQUOR,312 CYPRESS AVENUE,,BRONX,NY,10454,870261,,07/01/2015,06/30/2018,40.8073386937,-73.9134549936,"(40.8073386937, -73.9134549936)"
1003617,LIQUOR STORE,222,L,New York,1,BRONX,GIOVANNIS WINES & LIQUORS INC,,732 E 152ND STREET,,BRONX,NY,10455,879725,,06/01/2016,05/31/2019,40.8158533256,-73.9074550725,"(40.8158533256, -73.9074550725)"
1003637,LIQUOR STORE,222,L,New York,1,BRONX,MARIBEL REVERON,PARKWAY LIQUORS,1398 GRAND CONCOURSE,AKA 208 E 170TH STREET,BRONX,NY,10456,884983,11/05/2013,12/01/2016,11/30/2019,40.8385130234,-73.9135828107,"(40.8385130234, -73.9135828107)"
1003645,LIQUOR STORE,222,L,New York,1,BRONX,239 EAST 167TH STREET LIQUORS INC,GRANT WINE & LIQUOR CO,237 E 167TH STREET,,BRONX,NY,10456,861426,05/19/2006,10/01/2014,09/30/2017,40.8337177307,-73.9151856745,"(40.8337177307, -73.9151856745)"
1003650,LIQUOR STORE,222,L,New York,1,BRONX,CE LIQUORS CORP,,130 E 174TH STREET,AKA 1706 SELWYN AVE STORE#2,BRONX,NY,10457,870297,,07/01/2015,06/30/2018,40.8448295338,-73.9102064858,"(40.8448295338, -73.9102064858)"
1003662,LIQUOR STORE,222,L,New York,1,BRONX,DOMIX WINE & SPIRITS INC,MT CARMEL WINES & LIQUORS,609 611 E 187TH ST,,BRONX,NY,10458,861885,10/31/2007,11/01/2014,10/31/2017,40.8554043437,-73.8871534207,"(40.8554043437, -73.8871534207)"
1003669,LIQUOR STORE,222,L,New York,1,BRONX,NEFFRY LIQUOR STORE INC,NEFFRY LIQUOR STORE,325 EAST 194TH STREET,,BRONX,NY,10458,860365,01/17/2008,08/01/2014,07/31/2017,40.8643434016,-73.8915360157,"(40.8643434016, -73.8915360157)"
1003675,LIQUOR STORE,222,L,New York,1,BRONX,INTERVALE LIQUOR CORP,INTERVALE LIQUORS,944 INTERVALE AVE,,BRONX,NY,10459,866110,05/02/2003,03/01/2015,02/28/2018,40.8211761397,-73.8968890579,"(40.8211761397, -73.8968890579)"
1003681,LIQUOR STORE,222,L,New York,1,BRONX,1045B E 163RD ST LIQ STORE INC,,1045B E 163RD ST,,BRONX,NY,10459,872233,,10/01/2015,09/30/2018,40.8209830303,-73.890926664,"(40.8209830303, -73.890926664)"
1003696,LIQUOR STORE,222,L,New York,1,BRONX,LEHIGH LIQUORS INC,LEHIGH WINES & LIQUORS,2929 WESTCHESTER AVE,,BRONX,NY,10461,875728,,03/01/2016,02/28/2019,40.8462255031,-73.8333155965,"(40.8462255031, -73.8333155965)"
1003702,LIQUOR STORE,222,L,New York,1,BRONX,WILLIAMSBRIDGE WINE & LIQUOR INC,,2011 WILLIAMSBRIDGE RD,,BRONX,NY,10461,871843,09/29/1988,09/01/2015,08/31/2018,40.8543282152,-73.8545858237,"(40.8543282152, -73.8545858237)"
1003706,LIQUOR STORE,222,L,New York,1,BRONX,CREAS WINES & LIQUORS INC,,1246 CASTLE HILL AVENUE,,BRONX,NY,10462,881309,,09/01/2016,08/31/2019,40.8332697385,-73.8512745598,"(40.8332697385, -73.8512745598)"
1003723,LIQUOR STORE,222,L,New York,1,BRONX,5203 CA LIQUORS INC,,5203 BROADWAY,,BRONX,NY,10463,874228,,12/01/2015,11/30/2018,40.8745229562,-73.9101310695,"(40.8745229562, -73.9101310695)"
1003725,LIQUOR STORE,222,L,New York,1,BRONX,JGL WINES & LIQUORS INC,,358 CITY ISLAND AVENUE,,BRONX,NY,10464,884332,12/16/1992,12/01/2016,11/30/2019,40.8486001228,-73.7869129934,"(40.8486001228, -73.7869129934)"
1003727,LIQUOR STORE,222,L,New York,1,BRONX,BIG THREE LIQUOR INC,,3824 E TREMONT AVENUE,,BRONX,NY,10465,875464,,03/01/2016,02/28/2019,40.824574254,-73.8203913623,"(40.824574254, -73.8203913623)"
1003735,LIQUOR STORE,222,L,New York,1,BRONX,NEIL KADRE,,4133 LACONIA AVE,,BRONX,NY,10466,865738,,03/01/2015,02/28/2018,40.887952562,-73.8469662834,"(40.887952562, -73.8469662834)"
1003739,LIQUOR STORE,222,L,New York,1,BRONX,WAKEFIELD SPIRITS LTD,,930 E 233RD STREET,,BRONX,NY,10466,872771,,10/01/2015,09/30/2018,40.891144418,-73.8504900596,"(40.891144418, -73.8504900596)"
1003774,LIQUOR STORE,222,L,New York,1,BRONX,SURINDER MOHAN NARULA & SAVITA NARULA,SURIN DISCOUNT LIQUORS,2444 EASTCHESTER RD,,BRONX,NY,10469,861587,,11/01/2014,10/31/2017,40.8617411419,-73.843249707,"(40.8617411419, -73.843249707)"
1003781,LIQUOR STORE,222,L,New York,1,BRONX,SKIES THE LIMIT SPIRITS INC,SKYVIEW WINES & LIQUORS,5681 RIVERDALE AVENUE,,BRONX,NY,10471,866740,04/04/1985,04/01/2015,03/31/2018,40.9064269529,-73.9042893215,"(40.9064269529, -73.9042893215)"
1003798,LIQUOR STORE,222,L,New York,1,BRONX,M P WINE & LIQUOR INC,,1741 45 RANDALL AVENUE,,BRONX,NY,10473,874692,02/18/1992,02/01/2016,01/31/2019,40.816682138,-73.8656896199,"(40.816682138, -73.8656896199)"
1003807,LIQUOR STORE,222,L,New York,1,BRONX,SKOTINA LIQUORS INC,BARTOW LIQUORS,2057 BARTOW AVENUE,,BRONX,NY,10475,876530,,03/01/2016,02/28/2019,40.8695959353,-73.8286066523,"(40.8695959353, -73.8286066523)"
1003824,ON-PREMISES LIQUOR,252,OP,New York,1,BRONX,GLACKENS BAR & GRILL CORP,GLACKENS BAR & GRILL,135 E 149TH STREET,,BRONX,NY,10451,858719,06/22/2005,04/01/2016,03/31/2018,40.8189395186,-73.9283752049,"(40.8189395186, -73.9283752049)"
1003874,ON-PREMISES LIQUOR,252,OP,New York,1,BRONX,LA LECHONERA CRIOLLA INC,,1709 WEBSTER AVE,,BRONX,NY,10457,849726,12/07/2011,06/01/2015,05/31/2017,40.8433926669,-73.9035191554,"(40.8433926669, -73.9035191554)"
1003876,ON-PREMISES LIQUOR,252,OP,New York,1,BRONX,EL DIAMANTE RESTAURANT CORP,EL DIAMANTE RESTAURANT,4371 3RD AVE,,BRONX,NY,10457,850881,01/17/2013,08/01/2015,07/31/2017,40.8507021199,-73.8941708951,"(40.8507021199, -73.8941708951)"
1003885,ON-PREMISES LIQUOR,252,OP,New York,1,BRONX,DOMINICKS BAR & RESTAURANT INC,,2335 ARTHUR AVENUE,,BRONX,NY,10458,849789,,06/01/2015,05/31/2017,40.8541348889,-73.8888496394,"(40.8541348889, -73.8888496394)"
1003897,ON-PREMISES LIQUOR,252,OP,New York,1,BRONX,MARIOS RESTAURANT INC,MARIOS RESTAURANT,2342 ARTHUR AVENUE,,BRONX,NY,10458,857062,09/17/1980,03/01/2016,02/28/2018,40.8541253872,-73.8886843128,"(40.8541253872, -73.8886843128)"
1003900,ON-PREMISES LIQUOR,252,OP,New York,1,BRONX,MEXICAN ENTERTAINMENT OF WEBSTER INC,,2649 WEBSTER AVENUE,,BRONX,NY,10458,868639,12/29/1997,12/01/2016,11/30/2018,40.863580095,-73.8890577801,"(40.863580095, -73.8890577801)"
1003902,ON-PREMISES LIQUOR,252,OP,New York,1,BRONX,MOATE INC,THE JOLLY TINKER,2875 WEBSTER AVENUE,,BRONX,NY,10458,855071,05/20/2015,11/01/2015,10/31/2017,40.8673048555,-73.883618776,"(40.8673048555, -73.883618776)"
1003909,ON-PREMISES LIQUOR,252,OP,New York,1,BRONX,S&N ARTHUR AVENUE INC,,2331 ARTHUR AVE,,BRONX,NY,10458,855468,,12/01/2015,11/30/2017,40.8540038328,-73.8888774776,"(40.8540038328, -73.8888774776)"
1003945,ON-PREMISES LIQUOR,252,OP,New York,1,BRONX,CRISROSE TAVERN INC,SHAMROCK INN,1729 CROSBY AVE,,BRONX,NY,10461,856152,,01/01/2016,12/31/2017,40.8457958178,-73.8315295345,"(40.8457958178, -73.8315295345)"
1003953,ON-PREMISES LIQUOR,252,OP,New York,1,BRONX,GIOVANNIS ITALIAN RESTAURANT & PIZZA CORP,GIOVANNIS RESTAURANT,3209 WESTCHESTER AVE,,BRONX,NY,10461,850712,12/16/2005,08/01/2015,07/31/2017,40.851719982,-73.829611982,"(40.851719982, -73.829611982)"
1003968,ON-PREMISES LIQUOR,252,OP,New York,1,BRONX,VANETT INC,JIMMY RYANS,3003 3005 & 3007 MIDDLETOWN RD,,BRONX,NY,10461,868385,11/20/2008,12/01/2016,11/30/2018,40.8439346005,-73.8303330689,"(40.8439346005, -73.8303330689)"
1003970,ON-PREMISES LIQUOR,252,OP,New York,1,BRONX,VILLA BARONE RISTORANTE INC,VILLA BARONE RISTORANTE,3289 WESTCHESTER AVE,,BRONX,NY,10461,853359,,11/01/2015,10/31/2017,40.8526924137,-73.8275095805,"(40.8526924137, -73.8275095805)"
1003976,ON-PREMISES LIQUOR,252,OP,New York,1,BRONX,A & A RESTAURANT INC,PINE BAR & GRILL,1634 EASTCHESTER ROAD,,BRONX,NY,10462,855332,,11/02/2015,10/31/2017,40.8450546053,-73.8453043656,"(40.8450546053, -73.8453043656)"
1003988,ON-PREMISES LIQUOR,252,OP,New York,1,BRONX,FRIENDS II INC,,1448 OLMSTEAD AVENUE,,BRONX,NY,10462,851325,,08/07/2015,07/31/2017,40.8356817392,-73.8549900809,"(40.8356817392, -73.8549900809)"
1003990,ON-PREMISES LIQUOR,252,OP,New York,1,BRONX,HELLENIC EFFORTS CORP,PARK BILLIARDS AND CAFE,2020 WHITE PLAINS RD,,BRONX,NY,10462,866370,12/22/1999,11/28/2016,11/30/2017,40.8506667635,-73.8678427696,"(40.8506667635, -73.8678427696)"
1004040,ON-PREMISES LIQUOR,252,OP,New York,1,BRONX,COALITION BAR INC,FELLAS,522 CITY ISLAND AVE,,BRONX,NY,10464,849644,06/06/2013,06/01/2015,05/31/2017,40.8525607011,-73.7893794833,"(40.8525607011, -73.7893794833)"
1004046,ON-PREMISES LIQUOR,252,OP,New York,1,BRONX,JP'S INN INC,,703 MINNEFORD AVENUE,,BRONX,NY,10464,856654,01/11/2012,02/01/2016,01/31/2018,40.8569015295,-73.790541035,"(40.8569015295, -73.790541035)"
1004047,ON-PREMISES LIQUOR,252,OP,New York,1,BRONX,KARIKAN SEAFOOD RESTAURANT CORP,JOHNNY'S REEF RESTAURANT,2 CITY ISLAND AVE,,BRONX,NY,10464,857517,02/08/2011,03/01/2016,02/28/2018,40.837600557,-73.7828804543,"(40.837600557, -73.7828804543)"
1004051,ON-PREMISES LIQUOR,252,OP,New York,1,BRONX,RESA MARINA INC,SEAFOOD CITY,459 CITY ISLAND AVE,,BRONX,NY,10464,856561,02/26/2002,02/01/2016,01/31/2018,40.8510284157,-73.7884586776,"(40.8510284157, -73.7884586776)"
1004053,ON-PREMISES LIQUOR,252,OP,New York,1,BRONX,SHAR JO RESTAURANT INC,CRAB SHANTY,361 CITY ISLAND AVENUE,,BRONX,NY,10464,846996,,07/01/2015,06/30/2017,40.8485888932,-73.7870592546,"(40.8485888932, -73.7870592546)"
1004054,ON-PREMISES LIQUOR,252,OP,New York,1,BRONX,SAMMYS S B REST CORP,SAMMYS ORIGINAL SHRIMP BOX,64 CITY ISLAND AVENUE,,BRONX,NY,10464,854252,07/24/2008,10/01/2015,09/30/2017,40.8396052039,-73.7835763091,"(40.8396052039, -73.7835763091)"
1004057,ON-PREMISES LIQUOR,252,OP,New York,1,BRONX,TONYS PIER RESTAURANT INC,,1 CITY ISLAND AVENUE,,BRONX,NY,10464,857206,06/29/1981,03/01/2016,02/28/2018,40.8375523311,-73.7829589255,"(40.8375523311, -73.7829589255)"
1004076,ON-PREMISES LIQUOR,252,OP,New York,1,BRONX,KILCOGY INC,THROGGS NECK CLIPPER,3601 3603 E TREMONT AVE,,BRONX,NY,10465,857637,,04/01/2016,03/31/2018,40.8288803448,-73.8245411616,"(40.8288803448, -73.8245411616)"
1004080,ON-PREMISES LIQUOR,252,OP,New York,1,BRONX,RBM'S FAMILY PLACE INC,LOUIS SEA FOOD REST,3478 E TREMONT AVENUE,,BRONX,NY,10465,855633,12/05/2013,01/01/2016,12/31/2017,40.8315300615,-73.8270669839,"(40.8315300615, -73.8270669839)"
1004082,ON-PREMISES LIQUOR,252,OP,New York,1,BRONX,SPOTOS RESTAURANT INC,,4005 E TREMONT AVENUE,,BRONX,NY,10465,868185,11/20/2008,12/01/2016,11/30/2018,40.8203320222,-73.8179104661,"(40.8203320222, -73.8179104661)"
1004119,ON-PREMISES LIQUOR,252,OP,New York,1,BRONX,PAZ CAFE LTD,WOODLAWN CAFE,3700 JEROME AVENUE,,BRONX,NY,10467,847416,09/30/2009,08/01/2015,07/31/2017,40.8874604997,-73.8778556971,"(40.8874604997, -73.8778556971)"
1004120,ON-PREMISES LIQUOR,252,OP,New York,1,BRONX,PYRAMID EXOTIC BAR & REST INC,,3825 WHITE PLAINS ROAD,,BRONX,NY,10467,846458,09/19/1990,09/03/2015,08/31/2017,40.8843251056,-73.8625501817,"(40.8843251056, -73.8625501817)"
1004142,ON-PREMISES LIQUOR,252,OP,New York,1,BRONX,MONTEZUMA MEXICAN REST INC,,119 WEST KINGSBRIDGE RD,AKA W. KINGSBRIDGE ROAD,BRONX,NY,10468,855551,,01/01/2016,12/31/2017,40.8687398867,-73.9023009334,"(40.8687398867, -73.9023009334)"
1004150,ON-PREMISES LIQUOR,252,OP,New York,1,BRONX,BOWLERS BAR CORP,,1215 E GUNHILL ROAD,,BRONX,NY,10469,867313,,11/01/2016,10/31/2018,40.8728361467,-73.8519687338,"(40.8728361467, -73.8519687338)"
1004154,ON-PREMISES LIQUOR,252,OP,New York,1,BRONX,JO & ED CATERERS CORP,FRATELLI RESTAURANT,2507 EASTCHESTER ROAD,,BRONX,NY,10469,863723,07/03/2014,07/01/2016,06/30/2018,40.8629958471,-73.8434985486,"(40.8629958471, -73.8434985486)"
1004173,ON-PREMISES LIQUOR,252,OP,New York,1,BRONX,MICHAEL MOYNIHAN,AQUEDUCT NORTH,4277 KATONAH AVENUE,,BRONX,NY,10470,849282,,05/01/2015,04/30/2017,40.8978200509,-73.8673019187,"(40.8978200509, -73.8673019187)"
1004202,ON-PREMISES LIQUOR,252,OP,New York,1,BRONX,5686 REST OF RIVERDALE INC,,5686 RIVERDALE AVENUE,,BRONX,NY,10471,864702,08/18/2000,08/01/2016,07/31/2018,40.9060899659,-73.9042366684,"(40.9060899659, -73.9042366684)"
1004203,ON-PREMISES LIQUOR,252,OP,New York,1,BRONX,5816 RESTAURANT CORP,,5816 MOSHOLU AVENUE,,BRONX,NY,10471,847457,08/14/1996,08/01/2015,07/31/2017,40.9049109901,-73.8970095497,"(40.9049109901, -73.8970095497)"
1004213,ON-PREMISES LIQUOR,252,OP,New York,1,BRONX,JOES PLACE OF THE BRONX NY INC,,1841 WESTCHESTER AVE,,BRONX,NY,10472,853682,,10/01/2015,09/30/2017,40.8324031486,-73.8645597987,"(40.8324031486, -73.8645597987)"
1004241,ON-PREMISES LIQUOR,252,OP,New York,1,BRONX,BAY PLAZA APPLE LLC,APPLEBEES NEGHBORD GRILL &,"2276 BARTOW AVE, STORE 1",BAY PLAZA COMMUNITY CENTER,BRONX,NY,10475,855450,,12/01/2015,11/30/2017,40.8687108204,-73.8220689794,"(40.8687108204, -73.8220689794)"
1004243,ON-PREMISES LIQUOR,252,OP,New York,1,BRONX,HOLLERS LOUNGE INC,,2417 HOLLERS AVENUE,,BRONX,NY,10475,850996,,08/01/2015,07/31/2017,40.8859654976,-73.8227360693,"(40.8859654976, -73.8227360693)"
1101134,ON-PREMISES LIQUOR,252,OP,New York,1,BRONX,596 GRAND CONCOURSE CORP,SAMS RESTAURANT,596 598 GRAND CONCOURSE,150 AND 151,BRONX,NY,10451,855510,,01/01/2016,12/31/2017,40.8198260624,-73.9265653885,"(40.8198260624, -73.9265653885)"
1104402,ON-PREMISES LIQUOR,252,OP,New York,1,BRONX,MENDICINO INC,GRAN CAFFE,1056 MORRIS PARK AVENUE,,BRONX,NY,10462,860045,,05/01/2016,04/30/2018,40.8488770656,-73.8543934974,"(40.8488770656, -73.8543934974)"
1105516,LIQUOR STORE,222,L,New York,1,BRONX,C & N LIQUOR CORP,C & N LIQUOR,6 EAST GUNHILL ROAD,JEROME AVENUE,BRONX,NY,10467,867534,,06/01/2015,05/31/2018,40.8825723061,-73.881121745,"(40.8825723061, -73.881121745)"
1105856,ON-PREMISES LIQUOR,252,OP,New York,1,BRONX,FREDESVINDO SANTANA,SPORT LUNCHEONETTE & BILLIARD,920 EAST 173RD STREET,,BRONX,NY,10460,859485,05/25/2000,05/01/2016,04/30/2018,40.8356486573,-73.8887305438,"(40.8356486573, -73.8887305438)"
1107628,ON-PREMISES LIQUOR,252,OP,New York,1,BRONX,G M B RESTAURANT INC,STEP IN,1309 METROPOLITAN AVE,,BRONX,NY,10462,863808,05/13/2015,07/01/2016,06/30/2018,40.8337699575,-73.8610601669,"(40.8337699575, -73.8610601669)"
1108998,ON-PREMISES LIQUOR,252,OP,New York,1,BRONX,CASA MILANO LTD,CAFFE PORTOFINO,2008 WILLIAMSBRIDGE ROAD,,BRONX,NY,10461,865612,,09/01/2016,08/31/2018,40.85435974,-73.8544427018,"(40.85435974, -73.8544427018)"
1109127,ON-PREMISES LIQUOR,252,OP,New York,1,BRONX,LITTLE BITS 3044 INC.,VIVIENNE'S,3044 WESTCHESTER AVE,AKA 3045 WESTCHESTER AVE,BRONX,NY,10461,867332,,12/01/2016,11/30/2018,40.8480554836,-73.8310712468,"(40.8480554836, -73.8310712468)"
1113334,ON-PREMISES LIQUOR,252,OP,New York,1,BRONX,629 CRESCENT AVENUE REST CORP,SHILA BAR & GRILL,629 CRESCENT AVENUE,BELMONT AVENUE,BRONX,NY,10458,848445,05/15/2001,05/01/2015,04/30/2017,40.8539517691,-73.8871123391,"(40.8539517691, -73.8871123391)"
1114562,LIQUOR STORE,222,L,New York,1,BRONX,ABRAHAM'S MIDDLETOWN WINES & LIQUORS INC,,3001 MIDDLETOWN ROAD,,BRONX,NY,10461,875542,03/28/2001,03/01/2016,02/28/2019,40.8439070313,-73.8304237296,"(40.8439070313, -73.8304237296)"
1117731,ON-PREMISES LIQUOR,252,OP,New York,1,BRONX,CARIDAD-BRONX RESTAURANT CORP,CARIDAD RESTAURANT,1436 WILLIAMSBRIDGE ROAD,HALPERIN AVENUE & RAYMOND AVE,BRONX,NY,10461,850111,07/09/2001,07/01/2015,06/30/2017,40.8430679591,-73.844815473,"(40.8430679591, -73.844815473)"
1121144,ON-PREMISES LIQUOR,252,OP,New York,1,BRONX,MEMORIES LOUNGE & RESTAURANT INC,,3046 3048 FENTON AVENUE,GUN HILL RD & KNAPP STREET,BRONX,NY,10469,856540,01/24/2002,01/06/2016,12/31/2017,40.8698622527,-73.8445179222,"(40.8698622527, -73.8445179222)"
1125954,ON-PREMISES LIQUOR,252,OP,New York,1,BRONX,MIGUEL ABREU,SHALON RESTAURANT,2734 JEROME AVENUE,WALTON & JEROME AVENUE,BRONX,NY,10468,865447,09/12/2002,09/01/2016,08/31/2018,40.8688547122,-73.8961642022,"(40.8688547122, -73.8961642022)"
1127747,LIQUOR STORE,222,L,New York,1,BRONX,C & J SPIRITS INC,,7 KNOLLS CRESCENT,,BRONX,NY,10463,859524,07/01/2002,07/01/2014,06/30/2017,40.8791383119,-73.91683899,"(40.8791383119, -73.91683899)"
1127913,ON-PREMISES LIQUOR,252,OP,New York,1,BRONX,1900 JEROME AVE SPORTS BAR INC,,1900 JEROME AVENUE,183RD & CRESTON AVENUE,BRONX,NY,10453,859857,06/14/2002,06/01/2016,05/31/2018,40.8502052565,-73.9104808935,"(40.8502052565, -73.9104808935)"
1128122,ON-PREMISES LIQUOR,252,OP,New York,1,BRONX,C AND G ARTHUR AVENUE CORP,MUGZ'S,2476 ARTHUR AVENUE,,BRONX,NY,10458,864416,08/16/2002,08/01/2016,07/31/2018,40.857311713,-73.8859778498,"(40.857311713, -73.8859778498)"
1128218,ON-PREMISES LIQUOR,252,OP,New York,1,BRONX,152 MI SUENO RESTAURANT CORP,,152 WEST FORDHAM ROAD,,BRONX,NY,10468,863713,07/23/2002,07/01/2016,06/30/2018,40.8627665821,-73.9076333514,"(40.8627665821, -73.9076333514)"
1128265,ON-PREMISES LIQUOR,252,OP,New York,1,BRONX,EL DESPERTAR RESTAURANT INC,,410 E TREMONT AVE,WEBSTER & PK AVENUE,BRONX,NY,10457,860204,06/21/2002,06/01/2016,05/31/2018,40.8475222212,-73.9003573991,"(40.8475222212, -73.9003573991)"
1128375,ON-PREMISES LIQUOR,252,OP,New York,1,BRONX,M L SAN JOSE ENTERPRISES CORP,,1 W 183 ST AKA 1-9 W 183RD ST,CORNER TO JEROME AVENUE,BRONX,NY,10453,863686,07/26/2002,07/01/2016,06/30/2018,40.8584357203,-73.9039305156,"(40.8584357203, -73.9039305156)"
1130302,LIQUOR STORE,222,L,New York,1,BRONX,1502 WESTCHESTER INC,,1502 WESTCHESTER AVE,ELDER & WHEELER AVE,BRONX,NY,10472,860070,08/30/2002,08/01/2014,07/31/2017,40.8284204443,-73.8799644222,"(40.8284204443, -73.8799644222)"
1131707,ON-PREMISES LIQUOR,252,OP,New York,1,BRONX,LA COCINA RESTAURANT INC,S A A,12 E KINGSBRIDGE RD,JEROME & MORRIS AVENUES,BRONX,NY,10468,866734,10/03/2002,10/01/2016,09/30/2018,40.8673129251,-73.897059956,"(40.8673129251, -73.897059956)"
1134275,ON-PREMISES LIQUOR,252,OP,New York,1,BRONX,6025 BROADWAY RESTAURANT CORP,,6025 BROADWAY,,BRONX,NY,10471,868223,12/27/2002,12/01/2016,11/30/2018,40.890961748,-73.8978318527,"(40.890961748, -73.8978318527)"
1135186,LIQUOR STORE,222,L,New York,1,BRONX,JJ VINEYARD INC,,3704 RIVERDALE AVENUE,237TH STREET & 238TH STREET,BRONX,NY,10463,866205,03/20/2003,03/02/2015,02/28/2018,40.8866686383,-73.9069620665,"(40.8866686383, -73.9069620665)"
1137039,ON-PREMISES LIQUOR,252,OP,New York,1,BRONX,MI GENTE CAFE INC,EVO COCKTAIL LOUNGE & RESTUARANT,1306 UNIONPORT RD,CRN OF UNION PORT ROAD,BRONX,NY,10462,849057,05/13/2003,05/01/2015,04/30/2017,40.8340013112,-73.8532712013,"(40.8340013112, -73.8532712013)"
1137776,ON-PREMISES LIQUOR,252,OP,New York,1,BRONX,1470 ESTRELLA BAR & RESTAURANT CORP,,1470 JEROME AVENUE,172ND STREET & 171ST STREET,BRONX,NY,10452,846637,05/20/2003,05/06/2015,04/30/2017,40.8414706439,-73.9165972999,"(40.8414706439, -73.9165972999)"
1139368,ON-PREMISES LIQUOR,252,OP,New York,1,NEW YORK,ROMAN ANDINO BAR REST CORP,,2503 3RD AVENUE,EAST 119TH & 120TH STREETS,BRONX,NY,10451,847354,08/11/2003,08/01/2015,07/31/2017,40.8102871579,-73.9284200788,"(40.8102871579, -73.9284200788)"
1140821,ON-PREMISES LIQUOR,252,OP,New York,1,BRONX,RUGO LLC,PORTOFINO RESTAURANT,555 CITY ISLAND AVE,NORTH OF CROSS STREET,BRONX,NY,10464,850042,07/16/2003,07/01/2015,06/30/2017,40.8526259598,-73.7895905854,"(40.8526259598, -73.7895905854)"
1142922,ON-PREMISES LIQUOR,252,OP,New York,1,BRONX,673 JRV CORP,MR WEDGE,673 HUNTS POINT AVE,,BRONX,NY,10474,853488,11/28/2003,11/01/2015,10/31/2017,40.813973757,-73.8853614368,"(40.813973757, -73.8853614368)"
1143829,LIQUOR STORE,222,L,New York,1,BRONX,LIN LIQUOR STORE INC,,1503 WHITE PLAINS ROAD,ARCHER STREET & GUERLAIN ST,BRONX,NY,10462,872622,11/14/2003,11/01/2015,10/31/2018,40.8379749763,-73.8636419194,"(40.8379749763, -73.8636419194)"
1144535,ON-PREMISES LIQUOR,252,OP,New York,1,BRONX,GUNHILL ROAD CARIBBEAN REST INC,,2 EAST GUNHILL ROAD,CORNER JEROME AVENUE,BRONX,NY,10467,854333,01/23/2008,10/01/2015,09/30/2017,40.8826435011,-73.8812322465,"(40.8826435011, -73.8812322465)"
1287292,LIQUOR STORE,222,L,New York,1,BRONX,PEACE LIQUOR & WINE INC,,344 E GUNHILL RD,,BRONX,NY,10467,854573,08/18/2015,08/18/2015,07/31/2018,40.87873,-73.87296,"(40.87873, -73.87296)"
1146072,ON-PREMISES LIQUOR,252,OP,New York,1,BRONX,KLASSIQUE BAR & LOUNGE INC,,3813 BOSTON ROAD,BAYCHESTER AVE & DEREIMER AVE,BRONX,NY,10466,856572,02/27/2004,02/01/2016,01/31/2018,40.8815437114,-73.8383110761,"(40.8815437114, -73.8383110761)"
1287395,LIQUOR STORE,222,L,New York,1,BRONX,NI LIQUOR STORE CORP,,764B E 149TH ST,,BRONX,NY,10455,854686,09/11/2015,09/11/2015,08/31/2018,40.81285,-73.90751,"(40.81285, -73.90751)"
1147453,ON-PREMISES LIQUOR,252,OP,New York,1,BRONX,GMB GROUP LLC,XPRESSIONS,3601 BOSTON RD,222ND STREET & 223RD STREET,BRONX,NY,10466,859356,04/07/2004,04/01/2016,03/31/2018,40.8791787589,-73.8433602328,"(40.8791787589, -73.8433602328)"
1151543,LIQUOR STORE,222,L,New York,1,BRONX,PENA LIQUOR CORP,,706 FAILE ST,FAILE STREET & HUNTS POINT AVE,BRONX,NY,10474,887174,12/03/2004,12/02/2016,11/30/2019,40.8146501778,-73.8864498091,"(40.8146501778, -73.8864498091)"
1151983,ON-PREMISES LIQUOR,252,OP,New York,1,BRONX,LA SABROSURA RESTAURANT CORP,,25A EAST 170TH STREET,,BRONX,NY,10452,865204,09/13/2004,09/01/2016,08/31/2018,40.8399994995,-73.9166190638,"(40.8399994995, -73.9166190638)"
1153224,ON-PREMISES LIQUOR,252,OP,New York,1,BRONX,"DUGOUT INC, THE",DUGOUT,880 RIVER AVENUE,161ST &  162ND STREETS,BRONX,NY,10451,864193,07/14/2004,07/06/2016,06/30/2018,40.8281630236,-73.9256471911,"(40.8281630236, -73.9256471911)"
1153518,ON-PREMISES LIQUOR,252,OP,New York,1,BRONX,TROPICAL BAR RESTAURANT CORP,TROPICAL BAR RESTAURANT,64 E 183RD ST,WALTON  & MORRIS,BRONX,NY,10453,859702,09/22/2006,06/01/2016,05/31/2018,40.8582468438,-73.9025187411,"(40.8582468438, -73.9025187411)"
1154795,ON-PREMISES LIQUOR,252,OP,New York,1,BRONX,JBM OF CITY ISLAND INC,CITY ISLAND DINER/SNUG,302-304 CITY ISLAND AVE,FORDHAM & HAWKINS,BRONX,NY,10464,864840,10/20/2004,10/01/2016,09/30/2018,40.8470849651,-73.7863561339,"(40.8470849651, -73.7863561339)"
1154908,LIQUOR STORE,222,L,New York,1,BRONX,JIN FA LIQUORS INC,,50B W BURNSIDE AVE,GRAND AVE & HARRISON AVE,BRONX,NY,10453,886558,11/01/2004,11/01/2016,10/31/2019,40.8539272128,-73.9094943978,"(40.8539272128, -73.9094943978)"
1160818,ON-PREMISES LIQUOR,252,OP,New York,1,BRONX,OLGA RESTAURANT CORP,,1324 JEROME AVE,,BRONX,NY,10452,846704,06/28/2005,06/01/2015,05/31/2017,40.8385522307,-73.9187417774,"(40.8385522307, -73.9187417774)"
1163786,LIQUOR STORE,222,L,New York,1,BRONX,EXOTIC LIQUORS INC,,2399 WESTCHESTER AVENUE,ZEREGA AVENUE & SEABURY AVENUE,BRONX,NY,10461,829311,06/29/2005,06/01/2014,05/31/2017,40.8371868617,-73.8461981673,"(40.8371868617, -73.8461981673)"
1164341,ON-PREMISES LIQUOR,252,OP,New York,1,BRONX,ONE RB RESTAURANT INC,ONE RB RESTAURANT,537 EAST 183RD STREET,3RD AVENUE & WASHINGTON AVENUE,BRONX,NY,10458,850098,07/27/2005,07/01/2015,06/30/2017,40.8545010473,-73.8914773966,"(40.8545010473, -73.8914773966)"
1164828,LIQUOR STORE,222,L,New York,1,BRONX,FERNANDEZ LIQUOR STORE CORP,,402 E 148TH ST,WILLIS AVENUE &,BRONX,NY,10455,861132,09/21/2005,09/01/2014,08/31/2017,40.815116065,-73.9177785063,"(40.815116065, -73.9177785063)"
1166169,ON-PREMISES LIQUOR,252,OP,New York,1,BRONX,COCONUT PALM BAR & GRILL INC,,2407 WESTCHESTER AVE,ZEREGA AVENUE & HERSCHELL ST,BRONX,NY,10461,851406,09/19/2005,09/01/2015,08/31/2017,40.8373304813,-73.8460384993,"(40.8373304813, -73.8460384993)"
1166692,ON-PREMISES LIQUOR,252,OP,New York,1,BRONX,OHANA RESTAURANT CORP,OHANA JAPANESE HIBACH SEAFOOD/STK,500 CITY ISLAND AVENUE,,BRONX,NY,10464,850685,08/19/2005,08/01/2015,07/31/2017,40.8520432841,-73.7890100914,"(40.8520432841, -73.7890100914)"
1168688,ON-PREMISES LIQUOR,252,OP,New York,1,BRONX,FRANKLIN O PAZ MALDONADO,RUINAS DE COPAN RESTAURANT,483 & 485 BROOK AVE,E 147TH STREET & BROOK AVENUE,BRONX,NY,10455,853099,09/23/2005,09/04/2015,08/31/2017,40.8134816986,-73.9158709494,"(40.8134816986, -73.9158709494)"
1169558,ON-PREMISES LIQUOR,252,OP,New York,1,BRONX,VEGA ALTA SPORTS BAR INC,,880 GERARD AVENUE,GERARD AVE & E 161ST ST,BRONX,NY,10452,859664,05/12/2006,05/01/2016,04/30/2018,40.8278286693,-73.9246718073,"(40.8278286693, -73.9246718073)"
1171866,ON-PREMISES LIQUOR,252,OP,New York,1,BRONX,EL BUEN AMBIENTE INC,,108 E 198TH STREET,CRESTON & GRAND CONCOURSE,BRONX,NY,10468,857896,03/08/2006,03/01/2016,02/28/2018,40.8706231623,-73.8918981325,"(40.8706231623, -73.8918981325)"
1172870,ON-PREMISES LIQUOR,252,OP,New York,1,BRONX,JAY'S PLACE LLC,JAY'S PLACE,5782 MOSHOLU AVENUE,POST ROAD & FIELDSTON ROAD,BRONX,NY,10471,859032,04/27/2006,04/01/2016,03/31/2018,40.9054350427,-73.8979095433,"(40.9054350427, -73.8979095433)"
1173164,ON-PREMISES LIQUOR,252,OP,New York,1,BRONX,EL MANGU SABROSO RESTAURANT INC,,80 W KINGSBRIDGE RD STORE 2,,BRONX,NY,10468,857619,03/29/2006,03/01/2016,02/28/2018,40.8680847197,-73.9005289985,"(40.8680847197, -73.9005289985)"
1175063,LIQUOR STORE,222,L,New York,1,BRONX,KTM WINE & LIQUOR CORP,JC LIQUORS,337 E 143RD STREET,3RD AVENUE & WILLIS AVENUE,BRONX,NY,10454,857076,05/24/2006,05/01/2015,04/30/2018,40.8130634638,-73.9223642488,"(40.8130634638, -73.9223642488)"
1175821,ON-PREMISES LIQUOR,252,OP,New York,1,BRONX,LAS CAMELIAS BAR & RESTAURANT CORP,,1802 WESTCHESTER AVENUE,BEECH &  TAYLOR AVENUES,BRONX,NY,10472,860356,06/01/2006,06/01/2016,05/31/2018,40.8318141283,-73.8662063918,"(40.8318141283, -73.8662063918)"
1176903,ON-PREMISES LIQUOR,252,OP,New York,1,BRONX,4 A KIDS LLC,F & J PINE RESTAURANT,1913 BRONXDALE AVENUE,,BRONX,NY,10462,860980,07/20/2006,07/01/2016,06/30/2018,40.8488707927,-73.8620135052,"(40.8488707927, -73.8620135052)"
1182411,LIQUOR STORE,222,L,New York,1,BRONX,V & V LIQUOR STORE CORP,,220 E 198TH STREET #5,GRAND CONCOURSE & VALENTINE AV,BRONX,NY,10458,877709,04/26/2007,04/01/2016,03/31/2019,40.8696423506,-73.890223968,"(40.8696423506, -73.890223968)"
1185652,ON-PREMISES LIQUOR,252,OP,New York,1,BRONX,TALCIRIS E SALAZAR,EL CASTILLO RESTAURANT,935 E 163RD STREET STORE # 2,,BRONX,NY,10459,850272,07/16/2007,07/01/2015,06/30/2017,40.8210519782,-73.8967450258,"(40.8210519782, -73.8967450258)"
1186025,LIQUOR STORE,222,L,New York,1,BRONX,JC MORE INC,,797 E 170TH STREET,COR. OF 170 ST & PROSPECT AVE,BRONX,NY,10459,884774,10/03/2007,10/01/2016,09/30/2019,40.8332223862,-73.8954106611,"(40.8332223862, -73.8954106611)"
1187629,ON-PREMISES LIQUOR,252,OP,New York,1,BRONX,EL LIDER RESTAURANT CORP,,4535 PARK AVE,182ND & 183RD ST,BRONX,NY,10457,846809,06/21/2007,06/01/2015,05/31/2017,40.8556280582,-73.8950494154,"(40.8556280582, -73.8950494154)"
1188906,ON-PREMISES LIQUOR,252,OP,New York,1,BRONX,LOS GIRASOLES RESTAURANT CORP,LOS GIRASOLES REST.,2613 WEBSTER AVE,193 & 194 STS.,BRONX,NY,10458,850952,08/22/2007,08/01/2015,07/31/2017,40.8630095186,-73.8897471992,"(40.8630095186, -73.8897471992)"
1188949,ON-PREMISES LIQUOR,252,OP,New York,1,BRONX,BRIDGES NY EAST LLC,BRIDGES,4100 E TREMONT AVE,MILES & LAWTON AVES,BRONX,NY,10465,850592,08/22/2007,08/01/2015,07/31/2017,40.818975672,-73.8172678374,"(40.818975672, -73.8172678374)"
1189014,ON-PREMISES LIQUOR,252,OP,New York,1,BRONX,ZERO OTTO NOVE INC,TRATTORIA SALERNITANA,2357 ARTHUR AVE,,BRONX,NY,10458,851814,09/12/2007,09/01/2015,08/31/2017,40.8547028313,-73.8883669498,"(40.8547028313, -73.8883669498)"
1189201,ON-PREMISES LIQUOR,252,OP,New York,1,BRONX,EL VALLE F & G RESTAURANT CORP,,2448 JEROME AVE,,BRONX,NY,10468,850589,08/13/2007,08/01/2015,07/31/2017,40.8625390708,-73.9011699698,"(40.8625390708, -73.9011699698)"
1189439,ON-PREMISES LIQUOR,252,OP,New York,1,BRONX,GEORGE'S SCC INC,GEORGE'S RESTAURANT,3000 BUHRE AVENUE,BUHRE AVENUE/MIDDLETOWN ROAD,BRONX,NY,10461,849634,08/24/2007,08/01/2015,07/31/2017,40.8472142311,-73.8315124112,"(40.8472142311, -73.8315124112)"
1191261,ON-PREMISES LIQUOR,252,OP,New York,1,BRONX,414 LATINO RESTAURANT SPORTS BAR INC,,414 E 138TH ST,,BRONX,NY,10454,855365,11/08/2007,11/03/2015,10/31/2017,40.8088843199,-73.9223671791,"(40.8088843199, -73.9223671791)"
1192353,LIQUOR STORE,222,L,New York,1,BRONX,769 ELIES LIQUOR INC,,769 E 169TH ST,BOSTON ROAD & TINTON AVENUE,BRONX,NY,10456,883969,09/06/2007,09/01/2016,08/31/2019,40.8308241543,-73.899652209,"(40.8308241543, -73.899652209)"
1192359,ON-PREMISES LIQUOR,252,OP,New York,1,BRONX,ANTONIO S TRATTORIA CORP,,2370 BELMONT AVE,,BRONX,NY,10458,852602,09/21/2007,09/01/2015,08/31/2017,40.8540732996,-73.8867619709,"(40.8540732996, -73.8867619709)"
1193237,ON-PREMISES LIQUOR,252,OP,New York,1,BRONX,27 SPORTS BAR AND CAFE INC,,2 W MOUNT EDEN AVENUE,WEST MOUNT EDEN & JEROME AVE,BRONX,NY,10452,850490,08/02/2007,08/01/2015,07/31/2017,40.8443158345,-73.9148420506,"(40.8443158345, -73.9148420506)"
1193612,LIQUOR STORE,222,L,New York,1,BRONX,ANIKA LIQUOR CORPORATION,,252 E BURNSIDE AVENUE,,BRONX,NY,10457,884236,11/07/2007,11/01/2016,10/31/2019,40.8516261088,-73.902786883,"(40.8516261088, -73.902786883)"
1193750,ON-PREMISES LIQUOR,252,OP,New York,1,BRONX,2151 MORENA RESTAURANT LLC,,2151 JEROME AVENUE,E 181ST STREET & CAMERON PL,BRONX,NY,10453,852737,10/01/2007,10/01/2015,09/30/2017,40.8558301412,-73.9056188701,"(40.8558301412, -73.9056188701)"
1195219,ON-PREMISES LIQUOR,252,OP,New York,1,BRONX,1024 MORRIS TAVERN INC,DOYLES PUB,1024 MORRIS PARK AVE,PAULDING AVE & MORRIS PARK AVE,BRONX,NY,10461,859782,05/15/2008,05/01/2016,04/30/2018,40.8484329639,-73.8553577625,"(40.8484329639, -73.8553577625)"
1195401,ON-PREMISES LIQUOR,252,OP,New York,1,BRONX,ST PANTES LLC,LAND & SEA RESTAURANT,5535 BROADWAY,KIMBERLY PLACE & BROADWAY,BRONX,NY,10462,854940,11/20/2007,11/01/2015,10/31/2017,40.8778224249,-73.9055529192,"(40.8778224249, -73.9055529192)"
1196228,LIQUOR STORE,222,L,New York,1,BRONX,A & S SPIRITS CORPORATION,MELROSE LIQUORS,395 E 167TH ST,WEBSTER AVE & CLAY AVE,BRONX,NY,10456,886611,11/13/2007,11/01/2016,10/31/2019,40.8308545922,-73.9106530004,"(40.8308545922, -73.9106530004)"
1197260,ON-PREMISES LIQUOR,252,OP,New York,1,BRONX,L & L FAMILY INC,NEW GREEN DRAGON,4111 4113 E TREMONT AVE,MILES AVE & LAWTON AVE,BRONX,NY,10465,855921,02/15/2008,02/01/2016,01/31/2018,40.8188534361,-73.8170361545,"(40.8188534361, -73.8170361545)"
1199568,ON-PREMISES LIQUOR,252,OP,New York,1,BRONX,FIESTA CAFE BAR INC,,4640 3RD AVE,187 ST & 3RD AVE,BRONX,NY,10458,860522,06/17/2008,06/01/2016,05/31/2018,40.8565024551,-73.8909727987,"(40.8565024551, -73.8909727987)"
1199991,LIQUOR STORE,222,L,New York,1,BRONX,BRONX SPIRITS LTD,,1283 E GUN HILL ROAD,BOUCK AVE & WILSON AVE,BRONX,NY,10469,872660,10/30/2009,10/01/2015,09/30/2018,40.8719004977,-73.8490661167,"(40.8719004977, -73.8490661167)"
1200702,ON-PREMISES LIQUOR,252,OP,New York,1,BRONX,MEM REST CORP,WICKED WOLF OF THROGS NECK,4029 E TREMONT AVE,,BRONX,NY,10465,859741,05/02/2008,05/01/2016,04/30/2018,40.8196740507,-73.8175183714,"(40.8196740507, -73.8175183714)"
1201395,ON-PREMISES LIQUOR,252,OP,New York,1,BRONX,PARISIENNE CAFE INC,,2339 ARTHUR AVE,CRESCENT AVE & E 187TH ST,BRONX,NY,10458,860493,06/27/2008,06/01/2016,05/31/2018,40.8542374222,-73.8887599325,"(40.8542374222, -73.8887599325)"
1202382,LIQUOR STORE,222,L,New York,1,BRONX,WHITE PLAINS DISCOUNT LIQUOR INC,,3954 WHITE PLAINS ROAD,,BRONX,NY,10466,828629,07/28/2008,07/01/2014,06/30/2017,40.8872566536,-73.8608686292,"(40.8872566536, -73.8608686292)"
1202518,ON-PREMISES LIQUOR,252,OP,New York,1,BRONX,TOSCA MARQUIS CORP,TOSCA MARQUEE,4034 E TREMONT AVE,MILES AVENUE & GERBER PLACE,BRONX,NY,10465,863834,07/24/2008,07/01/2016,06/30/2018,40.819615467,-73.817563217,"(40.819615467, -73.817563217)"
1202550,ON-PREMISES LIQUOR,252,OP,New York,1,BRONX,OASIS RESTAURANT & SPORTS BAR INC,,3441 JEROME AVENUE,GUN HILL ROAD & 210TH STREET,BRONX,NY,10467,864116,08/15/2008,08/01/2016,07/31/2018,40.8815961316,-73.882701085,"(40.8815961316, -73.882701085)"
1203059,ON-PREMISES LIQUOR,252,OP,New York,1,BRONX,2407 NAP BRONX 20 CORP,ANN & TONY'S RESTAURANT,2407 ARTHUR AVENUE,187TH STREET,BRONX,NY,10458,858616,05/22/2008,05/01/2016,04/30/2018,40.8557478748,-73.8874946891,"(40.8557478748, -73.8874946891)"
1204140,LIQUOR STORE,222,L,New York,1,BRONX,M M J WINE & SPIRITS INC,,4251 KATONAH AVENUE,E 234 STREET & E 235 STREET,BRONX,NY,10470,828311,06/20/2008,06/01/2014,05/31/2017,40.8971529164,-73.867178863,"(40.8971529164, -73.867178863)"
1204192,LIQUOR STORE,222,L,New York,1,BRONX,ARLIS WINES & LIQUORS CORP,ARLIS WINES & LIQUORS CORP,248 E 204TH ST,,BRONX,NY,10458,862449,12/10/2008,12/01/2014,11/30/2017,40.8741808223,-73.8843980915,"(40.8741808223, -73.8843980915)"
1204847,ON-PREMISES LIQUOR,252,OP,New York,1,BRONX,MICHAEL ANGELO S BRICK OVEN INC,,2477 ARTHUR AVENUE,188TH & 189TH STREETS,BRONX,NY,10458,860778,06/24/2008,06/01/2016,05/31/2018,40.8572851843,-73.8861699876,"(40.8572851843, -73.8861699876)"
1205513,ON-PREMISES LIQUOR,252,OP,New York,1,BRONX,AMERICAN GOLF CORPORATION,PELHAM/SPLIT ROCK GOLF COURSE,870 SHORE RD,,BRONX,NY,10464,863512,07/21/2008,07/01/2016,06/30/2018,40.8822203359,-73.7949342141,"(40.8822203359, -73.7949342141)"
1205666,LIQUOR STORE,222,L,New York,1,BRONX,J E J L WINES & LIQUORS CORP,,854 E 180TH STREET,170TH ST & CROTONA HONEYWELL A,BRONX,NY,10460,860282,07/02/2008,07/03/2014,06/30/2017,40.8455070416,-73.8836097052,"(40.8455070416, -73.8836097052)"
1206182,ON-PREMISES LIQUOR,252,OP,New York,1,BRONX,HOWL AT THE MOON RESTAURANT CORP,,585A E 189TH STREET,ARTHUR AVE & HOFFMAN ST,BRONX,NY,10458,864859,08/12/2008,08/02/2016,07/31/2018,40.8576254149,-73.8863685478,"(40.8576254149, -73.8863685478)"
1206927,LIQUOR STORE,222,L,New York,1,BRONX,M&M LIQUOR CORP,CROSS BRONX WAREHOUSE LIQUORS AND WINES,961 E 174TH ST,,BRONX,NY,10460,862046,11/14/2008,11/01/2014,10/31/2017,40.8367603667,-73.8859379015,"(40.8367603667, -73.8859379015)"
1208607,ON-PREMISES LIQUOR,252,OP,New York,1,BRONX,963 PROSPECT CORP,NILDA'S SPORTS BAR & GRILL,963 PROSPECT AVE- NORTH STORE,,BRONX,NY,10459,868060,11/06/2008,11/01/2016,10/31/2018,40.8224890997,-73.9005245161,"(40.8224890997, -73.9005245161)"
1209021,LIQUOR STORE,222,L,New York,1,BRONX,JEAN PAUL WEG LLC,THE WINE CELLARAGE,890 GARRISON AVENUE,,BRONX,NY,10474,879265,05/12/2009,06/06/2016,04/30/2018,40.8170939169,-73.8919444365,"(40.8170939169, -73.8919444365)"
1209049,ON-PREMISES LIQUOR,252,OP,New York,1,BRONX,BYA CORP,LOBSTER BOX,34 CITY ISLAND AVENUE,CITY ISLAND AVE & BELDEN ST,BRONX,NY,10464,865221,09/23/2008,09/01/2016,08/31/2018,40.8387585318,-73.7832462315,"(40.8387585318, -73.7832462315)"
1209893,ON-PREMISES LIQUOR,252,OP,New York,1,BRONX,5670 MOSHOLU ENTERPRISES INC,FRANKIES TAVERN,5670 MOSHOLU AVENUE,TYNDALL AVE & FIELDSTON RD,BRONX,NY,10471,866369,12/05/2008,12/01/2016,11/30/2018,40.9052353094,-73.9013117542,"(40.9052353094, -73.9013117542)"
1210497,LIQUOR STORE,222,L,New York,1,BRONX,ER FIESTA LIQUORS CORP,,3221 3RD AVE,162ND & 163RD ST,BRONX,NY,10451,863439,02/24/2009,02/01/2015,01/31/2018,40.823562198,-73.9090779045,"(40.823562198, -73.9090779045)"
1210746,ON-PREMISES LIQUOR,252,OP,New York,1,BRONX,EL TEXANO RESTAURANT CORP,,2031 WESTCHESTER AVE,PUGSLEY AVE & OLNSTEAD AVE,BRONX,NY,10462,868445,11/10/2008,11/14/2016,10/31/2018,40.833666655,-73.8567399758,"(40.833666655, -73.8567399758)"
1213877,LIQUOR STORE,222,L,New York,1,BRONX,J J & WONAM INC,DISCOUNT WINE & LIQUOR,349 E 204TH ST,HULL & DECATUR AVE,BRONX,NY,10467,872225,01/15/2009,10/01/2015,09/30/2018,40.872067834,-73.8776214427,"(40.872067834, -73.8776214427)"
1215365,ON-PREMISES LIQUOR,252,OP,New York,1,BRONX,ANYELISA REST CORP,,28 E 167TH STREET,RIVER ABVE &JEROME AVE,BRONX,NY,10452,846963,06/23/2009,06/01/2015,05/31/2017,40.8357592405,-73.9216174136,"(40.8357592405, -73.9216174136)"
1215556,ON-PREMISES LIQUOR,252,OP,New York,1,BRONX,BRIAD RESTAURANT GROUP LLC,TGI FRIDAY'S,1750 1780 E GUN HILL RD,,BRONX,NY,10469,850368,08/26/2009,08/01/2015,07/31/2017,40.8635699716,-73.8334372289,"(40.8635699716, -73.8334372289)"
1215807,ON-PREMISES LIQUOR,252,OP,New York,1,BRONX,LPD RESTAURANT INC,CAFE COLONIAL RESTAURANT,2070 WHITE PLAINS ROAD,BRADY AVE & MARAN PL,BRONX,NY,10462,846785,06/10/2009,06/01/2015,05/31/2017,40.8524415373,-73.8676997436,"(40.8524415373, -73.8676997436)"
1217249,ON-PREMISES LIQUOR,252,OP,New York,1,BRONX,J J C D INC,BRONX ALE HOUSE,216 W 238TH STREET,REVIEW PLACE & PUTNAM AVE,BRONX,NY,10463,846593,06/26/2009,06/01/2015,05/31/2017,40.8847259543,-73.8996526649,"(40.8847259543, -73.8996526649)"
1217534,ON-PREMISES LIQUOR,252,OP,New York,1,BRONX,PATRICIA'S MORRIS PARK CORP,PATRICIA'S PIZZA & PASTA,1082 MORRIS PARK AVENUE,LURTING AVE & HAIGHT AVE,BRONX,NY,10461,865847,12/15/2010,12/01/2016,11/30/2018,40.8492614522,-73.8535387607,"(40.8492614522, -73.8535387607)"
1219742,ON-PREMISES LIQUOR,252,OP,New York,1,BRONX,C I LOBSTER CORP,CITY ISLAND LOBSTER HOUSE,691 BRIDGE STREET,,BRONX,NY,104641102,850215,07/29/2009,07/01/2015,06/30/2017,40.8567892437,-73.7906153648,"(40.8567892437, -73.7906153648)"
1220246,CLUB LIQUOR,243,CL,New York,1,BRONX,LEGEND SOFTBALL CORP,,580 E 161ST STREET,ST ANNS AVE & 161ST STREET,BRONX,NY,10456,853309,07/30/2009,09/10/2015,06/30/2017,40.822274013,-73.9090134361,"(40.822274013, -73.9090134361)"
1220307,LIQUOR STORE,222,L,New York,1,BRONX,L & N LIQUORS NY INC,,728 LYDIG AVENUE,CRUGER AVE & HOLLAND AVE,BRONX,NY,10462,862925,03/24/2009,01/01/2015,12/31/2017,40.8544171682,-73.8665255744,"(40.8544171682, -73.8665255744)"
1220766,ON-PREMISES LIQUOR,252,OP,New York,1,BRONX,DEILINE S RESTAURANT CORP,,1544 E 174TH STREET,BRONX RIVER AVE & E WARD AVE,BRONX,NY,10472,847298,08/07/2009,08/01/2015,07/31/2017,40.8342829047,-73.8790065712,"(40.8342829047, -73.8790065712)"
1221570,LIQUOR STORE,222,L,New York,1,BRONX,SJ DISCOUNT LIQUOR CORP,SJ DISCOUNT LIQUORS,1763 65 UNIVERSITY AVENUE,W TREMONT AVE AND 176TH STREET,BRONX,NY,10453,871289,09/16/2009,09/01/2015,08/31/2018,40.8500858099,-73.9162868672,"(40.8500858099, -73.9162868672)"
1221986,LIQUOR STORE,222,L,New York,1,BRONX,PALERMO LIQUORS & WINES INC,,1137 E TREMONT AVENUE,,BRONX,NY,10460,874299,12/07/2009,12/01/2015,11/30/2018,40.8400153573,-73.8760476384,"(40.8400153573, -73.8760476384)"
1222085,ON-PREMISES LIQUOR,252,OP,New York,1,BRONX,BTM APPLE LLC,APPLEBEE'S NEIGHBORHOOD GRILL & BAR,610 EXTERIOR STREET,,BRONX,NY,10451,847080,08/07/2009,08/01/2015,07/31/2017,40.821146676,-73.9304626843,"(40.821146676, -73.9304626843)"
1223294,ON-PREMISES LIQUOR,252,OP,New York,1,BRONX,LUCHA RESTAURANT CORP,,3019 WESTCHESTER AVENUE,CROSBY AVE AND HOBART AVE,BRONX,NY,10461,865057,10/28/2010,10/01/2016,09/30/2018,40.847323731,-73.8319323232,"(40.847323731, -73.8319323232)"
1223958,LIQUOR STORE,222,L,New York,1,BRONX,MILES 4101 WINES & LIQUOR LLC,,4101 4103 EAST TREMONT AVENUE,MILES AVE AND LAWTON AVE,BRONX,NY,10465,871301,09/21/2009,09/01/2015,08/31/2018,40.8189930938,-73.8171195132,"(40.8189930938, -73.8171195132)"
1224272,ON-PREMISES LIQUOR,252,OP,New York,1,BRONX,ROBERTO'S RESTAURANT CORP,,603 CRESCENT AVENUE,ARTHUR AVENUE & HUGHS STREET,BRONX,NY,10458,853697,10/02/2009,10/01/2015,09/30/2017,40.8536302684,-73.8883947728,"(40.8536302684, -73.8883947728)"
1225075,ON-PREMISES LIQUOR,252,OP,New York,1,BRONX,FORDHAM APPLE LLC,APPLEBEE'S NEIGHBORHOOD GRILL & BAR,4750 4758 3RD AVENUE,188TH AND 189TH STREETS,BRONX,NY,10458,847081,08/06/2009,08/01/2015,07/31/2017,40.8602464979,-73.8909365901,"(40.8602464979, -73.8909365901)"
1225447,LIQUOR STORE,222,L,New York,1,BRONX,EONEL WINE & LIQUORS CORP,,652 SOUNDVIEW AVENUE,TAYLOR AVE AND BEACH AVE AND S,BRONX,NY,10473,878341,04/21/2010,04/18/2016,03/31/2019,40.8180327542,-73.8624934047,"(40.8180327542, -73.8624934047)"
1227037,LIQUOR STORE,222,L,New York,1,BRONX,FORDHAM WEST LIQUOR & WINE LLC,,202 W FORDHAM ROAD,LANDING ROAD & SEDGWICK AVENUE,BRONX,NY,10468,875650,02/12/2010,02/01/2016,01/31/2019,40.8626075767,-73.9091067689,"(40.8626075767, -73.9091067689)"
1227189,ON-PREMISES LIQUOR,252,OP,New York,1,BRONX,MELANIE'S ROTI GRILL & RESTAURANT INC,MELANIE'S ROTI & GRILL RESTAURANT AND BAR,1248 CASTLE HILL AVE,NEW BOLD & ELLIS AVES,BRONX,NY,10462,856738,03/09/2010,03/01/2016,02/28/2018,40.8333438873,-73.8512910757,"(40.8333438873, -73.8512910757)"
1230699,LIQUOR STORE,222,L,New York,1,BRONX,650 MELROSE WINE & LIQUOR CORP,,650 MELROSE AVENUE STORE #3,BETWEEN 152ND & 153RD STREETS,BRONX,NY,10455,879719,06/18/2010,06/01/2016,05/31/2019,40.8186037911,-73.9165477474,"(40.8186037911, -73.9165477474)"
1231604,ON-PREMISES LIQUOR,252,OP,New York,1,BRONX,STOP AT THE SPOT SWEET POT RESTAURANT & COCKTAIL,LOUNGE INC,918 E 233RD ST,BRONXWOOD & PAULDING AVENUES,BRONX,NY,10466,856491,12/23/2009,12/03/2015,11/30/2017,40.8912605025,-73.850854895,"(40.8912605025, -73.850854895)"
1231829,ON-PREMISES LIQUOR,252,OP,New York,1,BRONX,SALIMAR 2 CORP,RESTAURANT BAR,357 E 138TH STREET,,BRONX,NY,10454,857397,02/17/2010,02/04/2016,01/31/2018,40.8097267478,-73.9242045599,"(40.8097267478, -73.9242045599)"
1233255,ON-PREMISES LIQUOR,252,OP,New York,1,BRONX,EL CHICANITO SPORTS BAR INC,,1186 EVERGREEN AVE,WESTCHESTER & EVERGREEN AVENUE,BRONX,NY,10472,858664,04/12/2010,04/01/2016,03/31/2018,40.8280137147,-73.8808679598,"(40.8280137147, -73.8808679598)"
1233410,ON-PREMISES LIQUOR,252,OP,New York,1,BRONX,SILHOUETTE RESTAURANT LOUNGE CORP,,5668 BROADWAY,233RD & 234TH STREET,BRONX,NY,10471,850106,07/01/2011,07/01/2015,06/30/2017,40.881019646,-73.9031231274,"(40.881019646, -73.9031231274)"
1233870,ON-PREMISES LIQUOR,252,OP,New York,1,BRONX,GOOD TO GO ENTERPRISES LLC,GOOD TO GO,1894 EASTCHESTER RD,,BRONX,NY,10461,856320,12/10/2009,12/01/2015,11/30/2017,40.8514686795,-73.8441268885,"(40.8514686795, -73.8441268885)"
1234097,ON-PREMISES LIQUOR,252,OP,New York,1,BRONX,VILLA ELBA CATERING INC,,1710 UNIVERSITY AVENUE 2ND FLR,BRANDT PLACE & 176 ST,BRONX,NY,10453,856583,01/19/2010,01/07/2016,12/31/2017,40.8484301548,-73.9179967047,"(40.8484301548, -73.9179967047)"
1234453,ON-PREMISES LIQUOR,252,OP,New York,1,BRONX,LOS CEDANOS CORP,D BLASS,1346 EDWARD L GRANT HGWY # 2&3,,BRONX,NY,10452,849325,05/18/2011,05/01/2015,04/30/2017,40.8404601749,-73.9214093541,"(40.8404601749, -73.9214093541)"
1236389,ON-PREMISES LIQUOR,252,OP,New York,1,BRONX,MONTE BRISA CORP,EL CONQUISTADOR RESTAURANT,301 E BURNSIDE AVENUE,VALENTINE AVE AND RYER AVE,BRONX,NY,10457,856539,01/21/2010,01/06/2016,12/31/2017,40.8507448364,-73.9012539707,"(40.8507448364, -73.9012539707)"
1237618,LIQUOR STORE,222,L,New York,1,BRONX,DISCOUNT WINE & LIQUOR MART INC,,1796 WESTCHESTER AVENUE,BEACH AVE & ST LAWRENCE AVE,BRONX,NY,10472,884341,09/20/2010,09/09/2016,08/31/2019,40.8317434911,-73.8664428574,"(40.8317434911, -73.8664428574)"
1239192,ON-PREMISES LIQUOR,252,OP,New York,1,BRONX,STAN'S SPORTS BAR INC,,836 RIVER AVE,,BRONX,NY,10455,858913,05/12/2010,05/01/2016,04/30/2018,40.8267898095,-73.926444627,"(40.8267898095, -73.926444627)"
1239629,ON-PREMISES LIQUOR,252,OP,New York,1,BRONX,"ORIGINAL DREAM CAFE INC, THE",,239 E 165TH ST,,BRONX,NY,10456,864519,08/12/2010,08/01/2016,07/31/2018,40.8297957316,-73.9174674539,"(40.8297957316, -73.9174674539)"
1245069,ON-PREMISES LIQUOR,252,OP,New York,1,BRONX,QUATTRO MATTI RISTORANTE INC,GERBASIS RISTORANTE,2389 ARTHUR AVENUE,,BRONX,NY,10458,868939,12/08/2010,12/01/2016,11/30/2018,40.8553649547,-73.8878177742,"(40.8553649547, -73.8878177742)"
1245484,ON-PREMISES LIQUOR,252,OP,New York,1,BRONX,M&A TAVERN LLC,MCDERMOTT'S PUB,2634 E TREMONT AVENUE,,BRONX,NY,10461,867343,11/15/2010,11/01/2016,10/31/2018,40.8430844313,-73.8466128838,"(40.8430844313, -73.8466128838)"
1246041,LIQUOR STORE,222,L,New York,1,BRONX,KARMA LIQUORS INC,,1004 MORRIS PARK AVE,,BRONX,NY,10462,857236,11/24/2010,06/01/2015,05/31/2018,40.8481100046,-73.8560692195,"(40.8481100046, -73.8560692195)"
1247229,ON-PREMISES LIQUOR,252,OP,New York,1,BRONX,G E THOMAS GROUP INC,BESO LOUNGE,320 E 204TH STREET,,BRONX,NY,10467,868128,11/18/2010,11/01/2016,10/31/2018,40.8726096691,-73.8782808397,"(40.8726096691, -73.8782808397)"
1249246,LIQUOR STORE,222,L,New York,1,BRONX,HAM'S LIQUOR INC,WINE & LIQUOR,10 E BEDFORD PARK BLVD,,BRONX,NY,10468,884958,12/21/2010,12/01/2016,11/30/2019,40.8733857647,-73.8894846262,"(40.8733857647, -73.8894846262)"
1249770,LIQUOR STORE,222,L,New York,1,BRONX,KIANELY WINES & LIQUORS INC,,1442 UNIVERSITY AVENUE,,BRONX,NY,10452,864456,08/18/2011,08/01/2014,07/31/2017,40.8432691161,-73.9227864293,"(40.8432691161, -73.9227864293)"
1250182,LIQUOR STORE,222,L,New York,1,BRONX,J & N LIQUORS INC,J & N LIQUORS INC,745B WHITE PLAINS RD,1896 LAFAYETTE AVE,BRONX,NY,10473,860129,08/02/2011,08/01/2014,07/31/2017,40.8208601998,-73.8579921305,"(40.8208601998, -73.8579921305)"
1250501,ON-PREMISES LIQUOR,252,OP,New York,1,BRONX,KANE PRODUCTIONS INC,BISTRO SK,273 CITY ISLAND AVE,,BRONX,NY,10464,846974,06/17/2011,06/01/2015,05/31/2017,40.8462336005,-73.7861906876,"(40.8462336005, -73.7861906876)"
1250871,ON-PREMISES LIQUOR,252,OP,New York,1,BRONX,50 PENNYFIELD PUB INC,PADDY'S ON THE BAY,50 PENNYFIELD AVENUE,,BRONX,NY,10465,847085,08/09/2011,08/01/2015,07/31/2017,40.8099495409,-73.803529884,"(40.8099495409, -73.803529884)"
1251089,LIQUOR STORE,222,L,New York,1,BRONX,A & B LIQUOR STORE INC,,225 BROOK AVENUE,,BRONX,NY,10454,860507,04/27/2011,08/01/2014,07/31/2017,40.8072875783,-73.9195000369,"(40.8072875783, -73.9195000369)"
1251256,LIQUOR STORE,222,L,New York,1,BRONX,BURNSIDE WINES & LIQUORS CORP,BURNSIDE WINE & LIQUORS,189 W BURNSIDE AVE STORE 1,,BRONX,NY,10453,829111,06/22/2011,06/01/2014,05/31/2017,40.8541895038,-73.9152979305,"(40.8541895038, -73.9152979305)"
1251609,ON-PREMISES LIQUOR,252,OP,New York,1,BRONX,432 TAVERN CORP,FENWICKS BAR & GRILL,432 W 238TH STREET,,BRONX,NY,10463,854825,11/29/2011,11/01/2015,10/31/2017,40.8870519656,-73.9042973882,"(40.8870519656, -73.9042973882)"
1251810,ON-PREMISES LIQUOR,252,OP,New York,1,BRONX,2260 MAG CORP,THE GARAGE,2260 TILLOTSON AVE,,BRONX,NY,10475,853127,10/19/2011,10/01/2015,09/30/2017,40.8822426959,-73.8276629263,"(40.8822426959, -73.8276629263)"
1251894,ON-PREMISES LIQUOR,252,OP,New York,1,BRONX,3236 BAINBRIDGE AVENUE FOOD CORP,MAR Y TIERRA RESTAURANT & LOUNGE,3236 BAINBRIDGE AVENUE,,BRONX,NY,10467,846591,05/11/2011,05/04/2015,04/30/2017,40.8764215293,-73.8795824889,"(40.8764215293, -73.8795824889)"
1252213,LIQUOR STORE,222,L,New York,1,BRONX,F & M WINES & LIQUORS INC,,99 FEATHERBED LANE,,BRONX,NY,10452,817476,08/25/2011,06/19/2014,07/31/2017,40.8462851927,-73.9182443794,"(40.8462851927, -73.9182443794)"
1253506,ON-PREMISES LIQUOR,252,OP,New York,1,BRONX,LORRAINES BAR & GRILL INC,,1410 UNIONPORT RD,,BRONX,NY,10462,856107,09/15/2011,11/16/2015,08/31/2017,40.8348833897,-73.8543740762,"(40.8348833897, -73.8543740762)"
1253720,ON-PREMISES LIQUOR,252,OP,New York,1,BRONX,J R PRIMOS RESTAURANT CORP,,698 ALLERTON AVE,,BRONX,NY,10467,850126,07/13/2011,07/01/2015,06/30/2017,40.8653793242,-73.8673915365,"(40.8653793242, -73.8673915365)"
1253791,ON-PREMISES LIQUOR,252,OP,New York,1,BRONX,MELROSE PARRILLA LATINA RESTAURANT INC,,614 MELROSE AVE,,BRONX,NY,10455,856862,02/02/2012,02/01/2016,01/31/2018,40.8177664946,-73.9169686522,"(40.8177664946, -73.9169686522)"
1254177,LIQUOR STORE,222,L,New York,1,BRONX,SILVER SPOON WINE SPIRIT INC,,1810 CROTONA AVE,,BRONX,NY,10457,861515,10/26/2011,10/01/2014,09/30/2017,40.842957062,-73.8932866634,"(40.842957062, -73.8932866634)"
1254380,LIQUOR STORE,222,L,New York,1,BRONX,JARDY WINES & LIQUORS CORP,JARDY WINES & LIQUORS,486 E 169TH ST STORE 1,,BRONX,NY,10456,862738,11/15/2011,12/08/2014,10/31/2017,40.8329536312,-73.9057704502,"(40.8329536312, -73.9057704502)"
1254654,LIQUOR STORE,222,L,New York,1,BRONX,CARNAVAL WINE & LIQUOR INC,,48 W FORDHAM RD,,BRONX,NY,10468,859936,09/27/2011,06/19/2014,08/31/2017,40.8626755045,-73.9032832349,"(40.8626755045, -73.9032832349)"
1254835,ON-PREMISES LIQUOR,252,OP,New York,1,BRONX,GASOLINA BAR LOUNGE CORP,,2525 BOSTON POST ROAD,,BRONX,NY,10467,853522,10/19/2011,10/01/2015,09/30/2017,40.8639315541,-73.8647198393,"(40.8639315541, -73.8647198393)"
1254840,ON-PREMISES LIQUOR,252,OP,New York,1,BRONX,CAKOR RESTAURANT INC,,632 E 186TH ST,,BRONX,NY,10458,850581,07/13/2011,07/01/2015,06/30/2017,40.8540738644,-73.8869785913,"(40.8540738644, -73.8869785913)"
1255600,ON-PREMISES LIQUOR,252,OP,New York,1,BRONX,YAQUE RIVER RESTAURANT CORP,,860 E TREMONT AVE,,BRONX,NY,10457,868455,12/18/2012,12/01/2016,11/30/2018,40.843054698,-73.886484049,"(40.843054698, -73.886484049)"
1255684,ON-PREMISES LIQUOR,252,OP,New York,1,BRONX,EYE ADOM RESTAURANT INC,EYE ADOM AFRICA,1263B EDWARD L GRANT HWY,CROMWELL & JEROME AVE,BRONX,NY,10452,857329,08/26/2011,02/02/2016,07/31/2017,40.8379521844,-73.9223737739,"(40.8379521844, -73.9223737739)"
1255699,LIQUOR STORE,222,L,New York,1,BRONX,T & Y WINE & SPIRITS INC,,3617 KINGSBRIDGE AVE,,BRONX,NY,10463,835641,08/02/2011,08/01/2014,07/31/2017,40.8841053031,-73.9023551418,"(40.8841053031, -73.9023551418)"
1255874,ON-PREMISES LIQUOR,252,OP,New York,1,BRONX,TIN MARIN BAR & LOUNGE INC,TIN MARIN BAR & LOUNGE,3708 RIVERDALE AVE,,BRONX,NY,10463,857589,03/05/2012,03/01/2016,02/28/2018,40.8867146808,-73.9069682471,"(40.8867146808, -73.9069682471)"
1255885,ON-PREMISES LIQUOR,252,OP,New York,1,BRONX,BALLINAS & VASQUEZ CORP,METATE,3515 JOHNSON AVE,,BRONX,NY,10463,851202,08/30/2011,08/04/2015,07/31/2017,40.8858334567,-73.9099983955,"(40.8858334567, -73.9099983955)"
1256823,LIQUOR STORE,222,L,New York,1,BRONX,CHRIS ANTIQUES FURNITURE INC,CHRIS LIQUOR,4586 3RD AVE,,BRONX,NY,10458,862777,12/08/2011,12/10/2014,11/30/2017,40.8557453504,-73.8906687346,"(40.8557453504, -73.8906687346)"
1256990,LIQUOR STORE,222,L,New York,1,BRONX,WZ LIQUOR & WINE INC,,2442 WILLIAMSBRIDGE RD,,BRONX,NY,10469,862310,01/23/2012,01/01/2015,12/31/2017,40.861692223,-73.8575732786,"(40.861692223, -73.8575732786)"
1257048,ON-PREMISES LIQUOR,252,OP,New York,1,BRONX,EL PATRON NIGHT CLUB CABARET RESTAURANT INC,,1465 JEROME AVE,,BRONX,NY,10452,858907,04/02/2012,04/01/2016,03/31/2018,40.8412394067,-73.9169263327,"(40.8412394067, -73.9169263327)"
1257346,ON-PREMISES LIQUOR,252,OP,New York,1,BRONX,SIDE STREET LOUNGE INC,SIDE STREET LOUNGE,1330 BLONDELL AVE,,BRONX,NY,10461,854082,10/27/2011,10/01/2015,09/30/2017,40.8415688082,-73.8418292931,"(40.8415688082, -73.8418292931)"
1257632,ON-PREMISES LIQUOR,252,OP,New York,1,BRONX,LA PERLA MIXTECA RESTAURANT CORP,ESTRELLITA POBLANA II,2819 WHITE PLAINS RD,,BRONX,NY,10467,855302,11/09/2011,11/01/2015,10/31/2017,40.8668375079,-73.8673960714,"(40.8668375079, -73.8673960714)"
1258149,LIQUOR STORE,222,L,New York,1,BRONX,231 SPIRITS INC,RIVERDALE LIQUORS,207 W 231ST ST,,BRONX,NY,10463,861783,11/30/2011,11/01/2014,10/31/2017,40.8790247015,-73.9050594041,"(40.8790247015, -73.9050594041)"
1258381,ON-PREMISES LIQUOR,252,OP,New York,1,BRONX,BABALU LLC,MAMAJUANA CAFE,3233 E TREMONT AVE,,BRONX,NY,10461,856060,12/28/2011,12/01/2015,11/30/2017,40.83584834,-73.8332604728,"(40.83584834, -73.8332604728)"
1258497,LIQUOR STORE,222,L,New York,1,BRONX,R & D WINE AND LIQUOR CORP,,944 ALDUS ST,,BRONX,NY,10459,856566,04/04/2012,04/01/2015,03/31/2018,40.8231120022,-73.8908591489,"(40.8231120022, -73.8908591489)"
1258725,LIQUOR STORE,222,L,New York,1,BRONX,WILLOW WINE & LIQUOR INC,WILLOW WINES LIQUORS,2461 E TREMONT AVE,,BRONX,NY,10461,862290,01/10/2012,01/01/2015,12/31/2017,40.8427111432,-73.8511934485,"(40.8427111432, -73.8511934485)"
1258996,LIQUOR STORE,222,L,New York,1,BRONX,ONE NIGHT LIQUOR STORE CORP,,1229 FRANKLIN AVE - STORE #4,,BRONX,NY,10456,872674,10/17/2012,10/01/2015,09/30/2018,40.8306754069,-73.9032191016,"(40.8306754069, -73.9032191016)"
1259128,ON-PREMISES LIQUOR,252,OP,New York,1,BRONX,GONZALEZ-JIMENEZ CORP,ESTRELLITA POBLANA A #1,2227 2231 WESTCHESTER AVE,,BRONX,NY,10402,855835,01/18/2012,01/01/2016,12/31/2017,40.8343590761,-73.8508117631,"(40.8343590761, -73.8508117631)"
1259162,ON-PREMISES LIQUOR,252,OP,New York,1,BRONX,ADOLFO JR CORP,MI PALENQUE RESTAURANT,524 BROOK AVE,,BRONX,NY,10455,855514,01/17/2012,01/01/2016,12/31/2017,40.8145780332,-73.9151895217,"(40.8145780332, -73.9151895217)"
1259212,ON-PREMISES LIQUOR,252,OP,New York,1,BRONX,BANI RESTAURANT LLC,BANI RESTAURANT,1430 WATSON AVE,,BRONX,NY,10472,856503,01/06/2012,01/04/2016,12/31/2017,40.8255049708,-73.8824895731,"(40.8255049708, -73.8824895731)"
1259242,LIQUOR STORE,222,L,New York,1,BRONX,BEST PRICE LIQUOR INC,,995 WESTCHESTER AVE,,BRONX,NY,10459,863085,03/14/2012,03/01/2015,02/28/2018,40.8235255223,-73.8941285987,"(40.8235255223, -73.8941285987)"
1259717,ON-PREMISES LIQUOR,252,OP,New York,1,BRONX,761 ESSENCE INC,,761 BURKE AVE,SHIMSINCORPORATED@YAHOO.COM,BRONX,NY,10467,860984,07/24/2012,07/01/2016,06/30/2018,40.8713947276,-73.8645481556,"(40.8713947276, -73.8645481556)"
1259881,ON-PREMISES LIQUOR,252,OP,New York,1,BRONX,"CLOCK CAFE LLC, THE",CHARLIE'S BAR & KITCHEN,112 LINCOLN AVE,,BRONX,NY,10454,857116,02/10/2012,02/01/2016,01/31/2018,40.807883521,-73.9294160101,"(40.807883521, -73.9294160101)"
1259941,LIQUOR STORE,222,L,New York,1,BRONX,A & G LIQUOR CORP,,678 CASTLE HILL AVE,,BRONX,NY,10473,867236,05/11/2012,05/01/2015,04/30/2018,40.8206469091,-73.8484057453,"(40.8206469091, -73.8484057453)"
1260066,ON-PREMISES LIQUOR,252,OP,New York,1,BRONX,A & M LOUNGE REST INC,SABANA LOUNGE & RESTAURANT,1460 WESTCHESTER AVE,,BRONX,NY,10472,860319,06/05/2012,06/01/2016,05/31/2018,40.8283159731,-73.8819427444,"(40.8283159731, -73.8819427444)"
1260183,LIQUOR STORE,222,L,New York,1,BRONX,BRONX LIQUOR & WINE INC,HUB,300 E 149TH ST,,BRONX,NY,10451,883839,09/30/2013,09/01/2016,08/31/2019,40.8170327166,-73.9215785874,"(40.8170327166, -73.9215785874)"
1260403,LIQUOR STORE,222,L,New York,1,BRONX,LIQUOR KING MART INC,,801C SOUNDVIEW AVE,,BRONX,NY,10473,867831,06/21/2012,06/01/2015,05/31/2018,40.821034331,-73.8657417479,"(40.821034331, -73.8657417479)"
1260407,LIQUOR STORE,222,L,New York,1,BRONX,1540 WATSON AVE LIQUOR INC,,1585 WATSON AVE,,BRONX,NY,10472,870120,10/01/2012,08/01/2015,07/31/2018,40.8264300092,-73.8755884633,"(40.8264300092, -73.8755884633)"
1260773,ON-PREMISES LIQUOR,252,OP,New York,1,BRONX,BREWSKIS BAR & GRILL INC,,3718 E TREMONT AVE,,BRONX,NY,10465,858645,04/27/2012,04/01/2016,03/31/2018,40.8267429308,-73.8222987596,"(40.8267429308, -73.8222987596)"
1260830,ON-PREMISES LIQUOR,252,OP,New York,1,BRONX,LA ROLA RESTAURANT INC,,400 E 198TH ST,,BRONX,NY,10458,859981,06/04/2012,06/01/2016,05/31/2018,40.8664811115,-73.8863477065,"(40.8664811115, -73.8863477065)"
1260975,ON-PREMISES LIQUOR,252,OP,New York,1,BRONX,LUKE'S LOUNGE INC,CAFE SERATA,1808 HONE AVE,,BRONX,NY,10461,858141,03/16/2012,03/01/2016,02/28/2018,40.8490339198,-73.8548288079,"(40.8490339198, -73.8548288079)"
1261501,ON-PREMISES LIQUOR,252,OP,New York,1,BRONX,BANBRO INC,ALFIE'S PLACE,3037 E 177TH ST,,BRONX,NY,10465,860660,06/07/2012,06/01/2016,05/31/2018,40.8229411836,-73.8196676828,"(40.8229411836, -73.8196676828)"
1261671,LIQUOR STORE,222,L,New York,1,BRONX,A TO Z LIQUORS AND WINES INC,,835 E 152ND ST - STORE 5,STORE 5,BRONX,NY,10455,869768,06/25/2012,06/10/2015,05/31/2018,40.8152612919,-73.9043559055,"(40.8152612919, -73.9043559055)"
1261844,LIQUOR STORE,222,L,New York,1,BRONX,COUNTRY CLUB WINE AND LIQUORS INC,,3464 3466 EAST TREMONT AVE,,BRONX,NY,10465,871507,08/17/2012,08/01/2015,07/31/2018,40.8317940429,-73.8272052303,"(40.8317940429, -73.8272052303)"
1262816,LIQUOR STORE,222,L,New York,1,BRONX,REYES WINE & LIQUORS INC,,53-55 E 183RD ST,,BRONX,NY,10453,886095,06/12/2012,11/15/2016,05/31/2018,40.8583145459,-73.9025382366,"(40.8583145459, -73.9025382366)"
1262830,LIQUOR STORE,222,L,New York,1,BRONX,AB SPIRITS CORP,,222A WILLIS AVE,,BRONX,NY,10454,871719,08/02/2012,08/01/2015,07/31/2018,40.8084513003,-73.9233632256,"(40.8084513003, -73.9233632256)"
1263051,LIQUOR STORE,222,L,New York,1,BRONX,SABANA SPORT LIQUORS CORP,,1677 WESTCHESTER AVE,,BRONX,NY,10472,872208,09/18/2012,09/01/2015,08/31/2018,40.8302367104,-73.8719068112,"(40.8302367104, -73.8719068112)"
1263813,LIQUOR STORE,222,L,New York,1,BRONX,JERANAMO INC,CORKMASTER WINES & SPIRITS,5650 MOSHOLU AVE,,BRONX,NY,10471,871336,08/30/2012,08/01/2015,07/31/2018,40.9049721508,-73.9018357613,"(40.9049721508, -73.9018357613)"
1263818,ON-PREMISES LIQUOR,252,OP,New York,1,BRONX,FANTASY BAR AND RESTAURANT CORP,,23 E TREMONT AVE,STORE 4,BRONX,NY,10453,840710,08/01/2012,08/01/2016,07/31/2018,40.8516470219,-73.9087928859,"(40.8516470219, -73.9087928859)"
1263976,LIQUOR STORE,222,L,New York,1,BRONX,CABANA LIQUORS STORE INC,CABANA LIQUORS,2095 GRAND CONCOURSE,STORE #4,BRONX,NY,10453,873690,11/14/2012,11/01/2015,10/31/2018,40.8538148954,-73.9027088733,"(40.8538148954, -73.9027088733)"
1265210,ON-PREMISES LIQUOR,252,OP,New York,1,BRONX,MO APPLE LLC,APPLEBEE'S NEIGHBORHOOD GRILL & BAR,65 METROPOLITAN OVAL,,BRONX,NY,10462,866749,10/26/2012,10/01/2016,09/30/2018,40.8376016208,-73.8605592702,"(40.8376016208, -73.8605592702)"
1265541,ON-PREMISES LIQUOR,252,OP,New York,1,BRONX,BLUE MEDITERRANEAN RESTAURANT LLC,,2356 ARTHUR AVE,,BRONX,NY,10458,852746,09/09/2013,09/01/2015,08/31/2017,40.8545190303,-73.8884353468,"(40.8545190303, -73.8884353468)"
1266194,ON-PREMISES LIQUOR,252,OP,New York,1,BRONX,LARIMAR RESTAURANT & BAR INC,LARIMAR RESTAURANT,213 15 E 170TH ST,,BRONX,NY,10456,868876,12/04/2012,12/01/2016,11/30/2018,40.8386009116,-73.9129464981,"(40.8386009116, -73.9129464981)"
1266370,LIQUOR STORE,222,L,New York,1,BRONX,GRAND CONCOURSE LIQUORS INC,,2407 GRAND CONCOURSE,,BRONX,NY,10468,876198,03/14/2013,03/01/2016,02/28/2019,40.8597759233,-73.898815098,"(40.8597759233, -73.898815098)"
1266440,LIQUOR STORE,222,L,New York,1,BRONX,PELHAM LIQUORS CORP,,2248 WHITE PLAINS RD,,BRONX,NY,10467,874356,12/04/2012,12/01/2015,11/30/2018,40.8584970567,-73.8675898286,"(40.8584970567, -73.8675898286)"
1266758,LIQUOR STORE,222,L,New York,1,BRONX,FAMILY LICOR STORE INC,,2 E 167TH ST,STORE #2,BRONX,NY,10452,875550,02/11/2013,02/01/2016,01/31/2019,40.8360865167,-73.9223455245,"(40.8360865167, -73.9223455245)"
1267089,ON-PREMISES LIQUOR,252,OP,New York,1,BRONX,LA ESPANOLA WAY INC,TEQUILA & MEZCAL,1292 WESTCHESTER AVE,,BRONX,NY,10459,866217,10/03/2013,10/07/2016,09/30/2017,40.8273925327,-73.8866166119,"(40.8273925327, -73.8866166119)"
1267174,ON-PREMISES LIQUOR,252,OP,New York,1,BRONX,OLIVIA'S RESTAURANT & LOUNGE INC,,1854 WESTCHESTER AVE,,BRONX,NY,10472,859190,04/29/2014,04/01/2016,03/31/2018,40.8325476029,-73.8638679094,"(40.8325476029, -73.8638679094)"
1267219,ON-PREMISES LIQUOR,252,OP,New York,1,BRONX,900 PARK CORP,,900 902 MORRIS PARK AVE,,BRONX,NY,10462,849253,05/31/2013,05/01/2015,04/30/2017,40.8466940861,-73.8593568108,"(40.8466940861, -73.8593568108)"
1267380,LIQUOR STORE,222,L,New York,1,BRONX,ANDY'S WINE & LIQUOR INC,,4241 WHITE PLAINS RD,,BRONX,NY,10466,878326,06/21/2013,06/01/2016,05/31/2019,40.8945750569,-73.8568331348,"(40.8945750569, -73.8568331348)"
1267528,LIQUOR STORE,222,L,New York,1,BRONX,485 ALI FAMILY LIQUORS INC,,485 E 180TH ST,STORE 6,BRONX,NY,10457,877525,05/09/2013,05/01/2016,04/30/2019,40.8513857812,-73.8953684009,"(40.8513857812, -73.8953684009)"
1267619,ON-PREMISES LIQUOR,252,OP,New York,1,BRONX,BAY PLAZA ENTERPRISES LLC,DALLAS BBQ,2160 BARTOW AVE,BAY PLAZA SHOPPING CENTER,BRONX,NY,10475,868312,01/11/2013,12/01/2016,11/30/2018,40.8692317229,-73.8247278601,"(40.8692317229, -73.8247278601)"
1267787,LIQUOR STORE,222,L,New York,1,BRONX,EL PROGRESO WINES & LIQUORS CORP,,1440 NOBLE AVE,,BRONX,NY,10472,880626,07/23/2013,07/01/2016,06/30/2019,40.8351100832,-73.8709949343,"(40.8351100832, -73.8709949343)"
1268196,ON-PREMISES LIQUOR,252,OP,New York,1,BRONX,EMERALD LIQUOR INC,THE TOMBSTONE SALOON,119 E 233RD ST,,BRONX,NY,10470,846767,06/19/2013,06/01/2015,05/31/2017,40.8963206925,-73.8720328436,"(40.8963206925, -73.8720328436)"
1268490,ON-PREMISES LIQUOR,252,OP,New York,1,BRONX,JEMI LLC,DON COQUI,565 CITY ISLAND AVE,,BRONX,NY,10464,849085,05/08/2013,05/01/2015,04/30/2017,40.8527697232,-73.7896109656,"(40.8527697232, -73.7896109656)"
1269282,ON-PREMISES LIQUOR,252,OP,New York,1,BRONX,VALBONA RESTAURANT CORP,,3167 VILLA AVE,,BRONX,NY,10468,850840,06/25/2013,07/09/2015,05/31/2017,40.8761503667,-73.8870664478,"(40.8761503667, -73.8870664478)"
1269314,LIQUOR STORE,222,L,New York,1,BRONX,RIVERDALE VINTNER LTD,,554 W 235TH ST,,BRONX,NY,10463,874599,07/09/2013,12/07/2015,11/30/2018,40.8856152493,-73.9097563092,"(40.8856152493, -73.9097563092)"
1269423,ON-PREMISES LIQUOR,252,OP,New York,1,BRONX,4042 EAST TREMONT CAFE CORP,TOSCA CAFE,4038 4042 E TREMONT AVE,,BRONX,NY,10465,849311,05/06/2013,05/01/2015,04/30/2017,40.8195464049,-73.8175228544,"(40.8195464049, -73.8175228544)"
1269552,ON-PREMISES LIQUOR,252,OP,New York,1,BRONX,AGRON RESTAURANT CORP,ZYMI,726 ASTOR AVE,,BRONX,NY,10467,849255,05/31/2013,05/01/2015,04/30/2017,40.8595332295,-73.8664269117,"(40.8595332295, -73.8664269117)"
1269585,LIQUOR STORE,222,L,New York,1,BRONX,AAA & GP LIQUORS CORP,,3960 BRONXWOOD AVE,,BRONX,NY,10466,876966,04/15/2013,04/01/2016,03/31/2019,40.8856787558,-73.8548792703,"(40.8856787558, -73.8548792703)"
1269736,LIQUOR STORE,222,L,New York,1,BRONX,J & M LIQUORS STORE INC,,293 E 170TH ST,,BRONX,NY,10456,877966,05/20/2013,05/01/2016,04/30/2019,40.8375749699,-73.9107837979,"(40.8375749699, -73.9107837979)"
1269903,ON-PREMISES LIQUOR,252,OP,New York,1,BRONX,JOHN ANGELO CORP,ENZO'S RESTAURANT,1998 WILLIAMSBRIDGE RD,,BRONX,NY,10461,849775,07/11/2013,07/01/2015,06/30/2017,40.8541428057,-73.8543596747,"(40.8541428057, -73.8543596747)"
1269941,ON-PREMISES LIQUOR,252,OP,New York,1,BRONX,CABO RESTAURANT LLC,CABO RESTAURANT,3764 E TREMONT AVE,,BRONX,NY,10465,860553,05/21/2014,05/12/2016,04/30/2018,40.8257876417,-73.8212022434,"(40.8257876417, -73.8212022434)"
1270123,ON-PREMISES LIQUOR,252,OP,New York,1,BRONX,JAVIER CARABALLO,,214 WILLIS AVE,,BRONX,NY,10454,850189,07/23/2013,07/01/2015,06/30/2017,40.8082665026,-73.9234967745,"(40.8082665026, -73.9234967745)"
1270262,ON-PREMISES LIQUOR,252,OP,New York,1,BRONX,LA ROOSE CATERING HALL INC,,4848 WHITE PLAINS RD,,BRONX,NY,10470,847358,08/28/2013,08/01/2015,07/31/2017,40.9065202531,-73.8488804186,"(40.9065202531, -73.8488804186)"
1270529,LIQUOR STORE,222,L,New York,1,BRONX,HOMER LIQUOR II INC,,4029 LACONIA AVE,,BRONX,NY,10466,881411,09/19/2013,09/01/2016,08/31/2019,40.8858089336,-73.8482234692,"(40.8858089336, -73.8482234692)"
1270650,LIQUOR STORE,222,L,New York,1,BRONX,PROSPEROUS WINES & LIQUORS INC,,4727 WHITE PLAINS RD,,BRONX,NY,10470,883610,09/19/2013,09/01/2016,08/31/2019,40.9041137128,-73.8498448158,"(40.9041137128, -73.8498448158)"
1270721,ON-PREMISES LIQUOR,252,OP,New York,1,BRONX,TWOSHA'S INC,,2576 3RD AVE,,BRONX,NY,10454,850726,07/09/2013,07/06/2015,06/30/2017,40.8116015271,-73.9262094453,"(40.8116015271, -73.9262094453)"
1270729,LIQUOR STORE,222,L,New York,1,BRONX,HERRERA'S LIQUOR STORE CORP,HERRERA'S LIQUOR STORE,2300 CROTONA AVE,STORE 4,BRONX,NY,10468,884998,10/04/2013,10/05/2016,09/30/2019,40.8520113607,-73.8845015236,"(40.8520113607, -73.8845015236)"
1270813,ON-PREMISES LIQUOR,252,OP,New York,1,BRONX,3758 E TREMONT REST CORP,VAPOR LOUNGE,3758 E TREMONT AVE,,BRONX,NY,10465,857146,02/19/2014,02/01/2016,01/31/2018,40.8259353873,-73.8213716102,"(40.8259353873, -73.8213716102)"
1270921,ON-PREMISES LIQUOR,252,OP,New York,1,BRONX,WISH 37 INC,,37 BRUCKNER BLV,,BRONX,NY,10454,850411,07/16/2013,07/01/2015,06/30/2017,40.8068638743,-73.9275424859,"(40.8068638743, -73.9275424859)"
1271130,ON-PREMISES LIQUOR,252,OP,New York,1,BRONX,MALESIA CAFE INC,,2423 ARTHUR AVE,,BRONX,NY,10458,847027,07/19/2013,07/15/2015,06/30/2017,40.8560911785,-73.8871235602,"(40.8560911785, -73.8871235602)"
1271383,LIQUOR STORE,222,L,New York,1,BRONX,OVALLES LIQUOR STORE CORP,,1568 WHITE PLAINS RD,,BRONX,NY,10462,884792,10/16/2013,10/01/2016,09/30/2019,40.8399197459,-73.8638949243,"(40.8399197459, -73.8638949243)"
1271648,ON-PREMISES LIQUOR,252,OP,New York,1,BRONX,SMEIRELES INC,SKYLINE BAR & LOUNGE,1511 WILKINSON AVE,,BRONX,NY,10461,852949,10/03/2013,10/01/2015,09/30/2017,40.8527946283,-73.8427280185,"(40.8527946283, -73.8427280185)"
1271724,LIQUOR STORE,222,L,New York,1,BRONX,GUADALUPE WINE AND LIQUOR STORE INC,,853 E TREMONT AVE,,BRONX,NY,10460,884969,11/25/2013,11/01/2016,10/31/2019,40.8432443691,-73.8867323764,"(40.8432443691, -73.8867323764)"
1271759,LIQUOR STORE,222,L,New York,1,BRONX,SO MELO LIQUORS INC,,220 SOUNDVIEW AVE,,BRONX,NY,10473,884719,10/29/2013,10/01/2016,09/30/2019,40.8100006393,-73.855468076,"(40.8100006393, -73.855468076)"
1271989,ON-PREMISES LIQUOR,252,OP,New York,1,BRONX,EL MOLCAJETE RESTAURANT CORP,EL MOLCAJETE RESTAURANT,1506 1508 WESTCHESTER AVE,,BRONX,NY,10472,853910,10/15/2013,10/01/2015,09/30/2017,40.828498581,-73.8796781452,"(40.828498581, -73.8796781452)"
1272025,LIQUOR STORE,222,L,New York,1,BRONX,SAJOMA LIQUOR INC,,1350 EDWARD L GRANT HGWY,,BRONX,NY,10452,884787,10/15/2013,10/01/2016,09/30/2019,40.8405566817,-73.9215490902,"(40.8405566817, -73.9215490902)"
1272275,ON-PREMISES LIQUOR,252,OP,New York,1,BRONX,4352 KATONAH AVE INC,THE AVENUE,4352 KATONAH AVE,STORES 2-3,BRONX,NY,10470,856004,12/06/2013,12/01/2015,11/30/2017,40.9004130554,-73.8677150633,"(40.9004130554, -73.8677150633)"
1272340,ON-PREMISES LIQUOR,252,OP,New York,1,BRONX,3713 RIVERDALE REST CORP,BLACKSTONE BAR & GRILL,3713 RIVERDALE AVE,,BRONX,NY,10463,858743,04/29/2014,04/01/2016,03/31/2018,40.8874630415,-73.9072000069,"(40.8874630415, -73.9072000069)"
1272526,LIQUOR STORE,222,L,New York,1,BRONX,W E T CORP,WET WINE & LIQUOR,3445 BAYCHESTER AVE,,BRONX,NY,10475,887001,12/05/2013,12/01/2016,11/30/2019,40.8800234518,-73.8382633456,"(40.8800234518, -73.8382633456)"
1272650,ON-PREMISES LIQUOR,252,OP,New York,1,BRONX,EL VALLE TIPICO RESTAURANT II CORP,,849 CASTLE HILL AVE,,BRONX,NY,10473,851216,10/31/2013,10/01/2015,09/30/2017,40.824471117,-73.8492952886,"(40.824471117, -73.8492952886)"
1272785,ON-PREMISES LIQUOR,252,OP,New York,1,BRONX,EL VIEJO GRAN CAFE CORP,,498 EAST 138TH ST,,BRONX,NY,10454,855373,12/06/2013,12/01/2015,11/30/2017,40.8077096207,-73.9195881658,"(40.8077096207, -73.9195881658)"
1272887,LIQUOR STORE,222,L,New York,1,BRONX,J & W LIQUORS INC,,1843 GRAND CONCOURSE,,BRONX,NY,10453,887047,10/09/2013,11/28/2016,09/30/2019,40.8480376724,-73.9075241677,"(40.8480376724, -73.9075241677)"
1273276,LIQUOR STORE,222,L,New York,1,BRONX,BEVMART WINE & LIQUOR LLC,WINE&LIQUOR SUPERSTORE/WINEANDLIQUORSUPERSTORE.COM,815 HUTCHINSON RIVER PKWY,SPACE B,BRONX,NY,10465,835271,10/16/2014,10/16/2014,09/30/2017,40.8231556954,-73.8364072556,"(40.8231556954, -73.8364072556)"
1273324,ON-PREMISES LIQUOR,252,OP,New York,1,BRONX,TRIO LOUNGE & CAFE CORP,718 LOUNGE & TAPAS BAR,400 E 180TH ST,,BRONX,NY,10457,853455,10/17/2013,10/01/2015,09/30/2017,40.8522968778,-73.8980735498,"(40.8522968778, -73.8980735498)"
1273362,ON-PREMISES LIQUOR,252,OP,New York,1,BRONX,EL PORTON BAR & RESTAURANT NO 2 CORP,,576 SOUTHERN BLVD,,BRONX,NY,10455,853935,10/15/2013,10/01/2015,09/30/2017,40.8124505479,-73.9030368296,"(40.8124505479, -73.9030368296)"
1273451,ON-PREMISES LIQUOR,252,OP,New York,1,BRONX,MD CAFE LOUNGE CORP,TEQUILAZ RESTAURANT LOUNGE,3489 JEROME AVE,,BRONX,NY,10467,840695,01/24/2014,08/08/2016,12/31/2017,40.8826038706,-73.8814715184,"(40.8826038706, -73.8814715184)"
1273470,ON-PREMISES LIQUOR,252,OP,New York,1,BRONX,THE BRONX BAR AND GRILL LLC,,1 BRUCKNER BLVD,,BRONX,NY,10454,854904,11/08/2013,11/01/2015,10/31/2017,40.808257019,-73.9306176563,"(40.808257019, -73.9306176563)"
1273705,LIQUOR STORE,222,L,New York,1,BRONX,WINES OF THE WORLD MART CORP,,45 BRUCKNER BLVD,,BRONX,NY,10454,854179,05/20/2015,05/20/2015,04/30/2018,40.806609378,-73.9269381537,"(40.806609378, -73.9269381537)"
1273755,ON-PREMISES LIQUOR,252,OP,New York,1,BRONX,MIKECON LLC,KELLY RYAN'S,5790 MOSHOLU AVE,,BRONX,NY,10471,860462,01/23/2014,05/10/2016,12/31/2017,40.9054213122,-73.8976624413,"(40.9054213122, -73.8976624413)"
1274037,LIQUOR STORE,222,L,New York,1,BRONX,ALLERTON BARNES CORPORATION,LIQUOR BARN,802 ALLERTON AVE,,BRONX,NY,10467,885759,11/27/2013,11/01/2016,10/31/2019,40.8655105476,-73.8634107043,"(40.8655105476, -73.8634107043)"
1274363,ON-PREMISES LIQUOR,252,OP,New York,1,BRONX,NUEVA SABROSURA INC,SABROSURA 2 RESTAURANT,1806 WESTCHESTER AVE,,BRONX,NY,10472,855215,12/05/2013,12/01/2015,11/30/2017,40.8319226159,-73.8660443134,"(40.8319226159, -73.8660443134)"
1274742,LIQUOR STORE,222,L,New York,1,BRONX,241 LIQUOR STORE INC,PAYLESS WINE & LIQUOR,4700A WHITE PLAINS RD,,BRONX,NY,10470,886801,12/16/2013,12/01/2016,11/30/2019,40.9034962654,-73.8503147573,"(40.9034962654, -73.8503147573)"
1275053,LIQUOR STORE,222,L,New York,1,BRONX,F&M LIQUOR STORE INC,,1671 METROPOLITAN AVE,,BRONX,NY,10462,885704,12/20/2013,12/01/2016,11/30/2019,40.8405816714,-73.8550596206,"(40.8405816714, -73.8550596206)"
1275356,ON-PREMISES LIQUOR,252,OP,New York,1,BRONX,TRANQUILITY BAR & LOUNGE INC,,3511 BOSTON RD,STORE FRONT #4,BRONX,NY,10469,859488,04/15/2014,04/01/2016,03/31/2018,40.8772442696,-73.845911105,"(40.8772442696, -73.845911105)"
1275397,LIQUOR STORE,222,L,New York,1,BRONX,WEST FARM LIQUOR INC,,1006 1008 E TREMONT AVE,,BRONX,NY,10460,883920,01/31/2014,09/01/2016,08/31/2019,40.8405562525,-73.8813072478,"(40.8405562525, -73.8813072478)"
1275649,ON-PREMISES LIQUOR,252,OP,New York,1,BRONX,AFRICAN LAST STOP INC,AFRICAN LAST STOP,1300 E 222ND ST,,BRONX,NY,10469,856836,02/11/2014,02/01/2016,01/31/2018,40.8790671917,-73.8431750257,"(40.8790671917, -73.8431750257)"
1275652,ON-PREMISES LIQUOR,252,OP,New York,1,BRONX,FIVE KIDS FIVE INC,RIVERDALE CITY GRILL,3541 RIVERDALE AVE,,BRONX,NY,10463,865775,09/26/2014,09/01/2016,08/31/2018,40.8863203563,-73.9069753851,"(40.8863203563, -73.9069753851)"
1275870,LIQUOR STORE,222,L,New York,1,BRONX,BRONX CHEERS LTD,BRONX CHEERS,1194 MORRIS PARK AVE,,BRONX,NY,10461,853949,03/27/2015,03/27/2015,02/28/2018,40.851055733,-73.848848221,"(40.851055733, -73.848848221)"
1276032,ON-PREMISES LIQUOR,252,OP,New York,1,BRONX,KAI ASIAN BISTRO LLC,KAI SUSHI ASIAN FUSION,1475 WILLIAMSBRIDGE RD,,BRONX,NY,10461,858512,03/21/2014,03/08/2016,02/28/2018,40.843787543,-73.8455530624,"(40.843787543, -73.8455530624)"
1276503,ON-PREMISES LIQUOR,252,OP,New York,1,BRONX,TN APPLE LLC,APPLEBEES NEIGHBHORHOOD GRILL & BAR,815 HUTCHINSON RIVER PKW,UNIT 2,BRONX,NY,10465,863509,07/31/2014,07/01/2016,06/30/2018,40.82316,-73.83648,"(40.82316, -73.83648)"
1276504,ON-PREMISES LIQUOR,252,OP,New York,1,BRONX,TINA BAR & RESTAURANT CORP,TINA BAR & RESTAURANT CORP,2350 WASHINGTON AVE,,BRONX,NY,10458,858156,04/08/2014,04/01/2016,03/31/2018,40.85638,-73.89184,"(40.85638, -73.89184)"
1277015,ON-PREMISES LIQUOR,252,OP,New York,1,BRONX,VISTA HERMOSA DELI RESTAURANT INC,,1201 EVERGREEN AVE,,BRONX,NY,10472,860159,05/09/2014,05/01/2016,04/30/2018,40.82847,-73.88113,"(40.82847, -73.88113)"
1277244,ON-PREMISES LIQUOR,252,OP,New York,1,BRONX,"BLUE GOOSE TAVERN INC, THE",,2482 HOFFMAN ST,,BRONX,NY,10458,865190,08/28/2014,08/12/2016,07/31/2018,40.85781,-73.8866,"(40.85781, -73.8866)"
1277345,ON-PREMISES LIQUOR,252,OP,New York,1,BRONX,MUNSTER TAVERN INC,THE LOCAL,171 W 231ST ST,,BRONX,NY,10463,859635,05/06/2014,05/01/2016,04/30/2018,40.87839,-73.9033,"(40.87839, -73.9033)"
1277821,LIQUOR STORE,222,L,New York,1,BRONX,ALVINS WINE & LIQUOR INC,ALVINS WINE & LIQUOR,2185 GRAND CONCOURSE,,BRONX,NY,10453,857084,08/28/2014,05/01/2015,04/30/2018,40.85531,-73.9016,"(40.85531, -73.9016)"
1277884,LIQUOR STORE,222,L,New York,1,BRONX,CLARA REYES,,119 W KINGSBRIDGE ROAD,# 6,BRONX,NY,10468,883563,06/30/2014,09/01/2016,08/31/2019,40.86884,-73.90196,"(40.86884, -73.90196)"
1277897,LIQUOR STORE,222,L,New York,1,BRONX,BOSTON WINE & LIQUOR INC,,4024A BOSTON RD,STORE  A1,BRONX,NY,10475,835007,08/18/2014,08/18/2014,07/31/2017,40.88464,-73.83131,"(40.88464, -73.83131)"
1277935,ON-PREMISES LIQUOR,252,OP,New York,1,BRONX,WILLIAMSBRIDGE DINER INC,,2107 WILLIAMSBRIDGE RD,,BRONX,NY,10461,860820,05/29/2014,05/24/2016,04/30/2018,40.85554,-73.85548,"(40.85554, -73.85548)"
1278028,ON-PREMISES LIQUOR,252,OP,New York,1,BRONX,N AND D RESTAURANTS LLC,THE OLIVE GARDEN ITALIAN RESTAURANT #4482,200 BAYCHESTER AVE,UNIT 208A,BRONX,NY,10475,865210,09/04/2014,09/01/2016,08/31/2018,40.86587,-73.83027,"(40.86587, -73.83027)"
1278253,ON-PREMISES LIQUOR,252,OP,New York,1,BRONX,JAMAICA EX POLICE ASSOCIATION LLC,JAMEX SPORTS BAR,3447 BAYCHESTER AVE,,BRONX,NY,10469,868010,11/13/2014,11/01/2016,10/31/2018,40.87959,-73.8379,"(40.87959, -73.8379)"
1278761,LIQUOR STORE,222,L,New York,1,BRONX,3548 LIQUORS INC,BRONX EXPRESS LIQUORS,3548 WHITE PLAINS RD,,BRONX,NY,10467,835001,08/15/2014,08/15/2014,07/31/2017,40.87831,-73.86582,"(40.87831, -73.86582)"
1278873,ON-PREMISES LIQUOR,252,OP,New York,1,BRONX,ORO BAR RESTAURANT CORP,,950 PROSPECT AVE,,BRONX,NY,10459,863926,07/25/2014,07/01/2016,06/30/2018,40.82252,-73.90036,"(40.82252, -73.90036)"
1279037,ON-PREMISES LIQUOR,252,OP,New York,1,BRONX,LA PRINCESA DEL RODEO CORP,,1177B WHEELER AVE 2ND FL LOFT,,BRONX,NY,10472,868635,12/17/2014,12/01/2016,11/30/2018,40.82788,-73.88004,"(40.82788, -73.88004)"
1279086,LIQUOR STORE,222,L,New York,1,BRONX,J V WINE AND LIQUOR INC,,406 E TREMONT AVE,,BRONX,NY,10457,835420,11/20/2014,11/20/2014,10/31/2017,40.84738,-73.90071,"(40.84738, -73.90071)"
1279235,LIQUOR STORE,222,L,New York,1,BRONX,C & A 1067 WINES & LIQUORS CORP,,1067 WHITE PLAINS RD,,BRONX,NY,10472,835389,11/13/2014,11/13/2014,10/31/2017,40.82789,-73.86082,"(40.82789, -73.86082)"
1279336,ON-PREMISES LIQUOR,252,OP,New York,1,BRONX,RED ROBIN INTERNATIONAL INC,RED ROBIN GOURMET BURGERS & BREWS,200 BAYCHESTER AVE,SPACE 118B,BRONX,NY,10475,865324,10/10/2014,10/01/2016,09/30/2018,40.86587,-73.83027,"(40.86587, -73.83027)"
1279525,LIQUOR STORE,222,L,New York,1,BRONX,CHURY'S WINE & LIQUOR INC,,2486 HUGHES AVE,,BRONX,NY,10458,835293,10/23/2014,10/23/2014,09/30/2017,40.85715,-73.88489,"(40.85715, -73.88489)"
1279572,ON-PREMISES LIQUOR,252,OP,New York,1,BRONX,RED LOBSTER HOSPITALITY LLC,RED LOBSTER #469,2090 BARTOW AVE,,BRONX,NY,10475,867109,10/03/2014,10/01/2016,09/30/2018,40.86879,-73.82675,"(40.86879, -73.82675)"
1279842,ON-PREMISES LIQUOR,252,OP,New York,1,BRONX,ALBA ENTERPRISES INC,ALBA BAR CAFE,2460 WILLIAMSBRIDGE RD 1ST FL,,BRONX,NY,10469,861355,10/23/2015,10/23/2015,09/30/2017,40.8619,-73.8576,"(40.8619, -73.8576)"
1279866,ON-PREMISES LIQUOR,252,OP,New York,1,BRONX,PATSY'S OF MORRIS PARK INC,PATSY'S PIZZERIA,980 MORRIS PARK AVE,,BRONX,NY,10462,865585,09/24/2014,09/01/2016,08/31/2018,40.84763,-73.85652,"(40.84763, -73.85652)"
1280031,ON-PREMISES LIQUOR,252,OP,New York,1,BRONX,LA FUENTE STEAK HOUSE CORP,,1306 JEROME AVE,,BRONX,NY,10452,867169,11/25/2014,11/01/2016,10/31/2018,40.83805,-73.91878,"(40.83805, -73.91878)"
1280311,LIQUOR STORE,222,L,New York,1,BRONX,SNE LIQUOR STORE INC,MC CABES LIQUOR,1006 OGDEN AVE,,BRONX,NY,10452,835081,09/05/2014,09/05/2014,08/31/2017,40.833,-73.92893,"(40.833, -73.92893)"
1280430,ON-PREMISES LIQUOR,252,OP,New York,1,BRONX,NAGOYA JAPANESE RESTAURANT INC,YAMADA JAPANESE RESTAURANT,3811 EAST TREMONT AVE,,BRONX,NY,10465,865208,10/24/2014,10/01/2016,09/30/2018,40.82467,-73.82001,"(40.82467, -73.82001)"
1280441,ON-PREMISES LIQUOR,252,OP,New York,1,BRONX,ST BESS LLC,,4466 BAYCHESTER AVE,,BRONX,NY,10466,868725,12/22/2014,11/23/2016,11/30/2018,40.90131,-73.84656,"(40.90131, -73.84656)"
1280559,LIQUOR STORE,222,L,New York,1,BRONX,ZARA LIQUOR STORE CORPORATION,,2234 LIGHT ST,,BRONX,NY,10466,835457,12/01/2014,12/01/2014,11/30/2017,40.88758,-73.83056,"(40.88758, -73.83056)"
1280628,LIQUOR STORE,222,L,New York,1,BRONX,JUVELI WINES & LIQUORS CORP,LIQUORS,793 SOUTHERN BLVD,,BRONX,NY,10455,835143,09/18/2014,09/18/2014,08/31/2017,40.81615,-73.89648,"(40.81615, -73.89648)"
1280981,ON-PREMISES LIQUOR,252,OP,New York,1,BRONX,BASES LOADED SPORTS BAR INC,,2997 WESTCHESTER AVE,,BRONX,NY,10461,868033,11/14/2014,11/01/2016,10/31/2018,40.84734,-73.83228,"(40.84734, -73.83228)"
1281321,LIQUOR STORE,222,L,New York,1,BRONX,LUNA WINE & LIQUOR CORP,,535 E TREMONT AVE,,BRONX,NY,10457,853983,04/02/2015,04/02/2015,03/31/2018,40.84674,-73.8958,"(40.84674, -73.8958)"
1281345,ON-PREMISES LIQUOR,252,OP,New York,1,BRONX,CHAMPS BAR & GRILL INC,,566 E 187TH ST,,BRONX,NY,10458,869489,12/17/2014,12/27/2016,11/30/2018,40.85598,-73.88879,"(40.85598, -73.88879)"
1281387,LIQUOR STORE,222,L,New York,1,BRONX,NEW YOUNG STAR LIQUOR INC,WINE & LIQUOR,288 E 204TH ST,,BRONX,NY,10467,835387,11/13/2014,11/13/2014,10/31/2017,40.87334,-73.87898,"(40.87334, -73.87898)"
1281617,LIQUOR STORE,222,L,New York,1,BRONX,DANNY'S WINE & LIQUOR INC,TEDDY WINES & LIQUOR,41 WESTCHESTER SQ,,BRONX,NY,10461,835468,12/03/2014,12/03/2014,11/30/2017,40.84153,-73.84386,"(40.84153, -73.84386)"
1282255,ON-PREMISES LIQUOR,252,OP,New York,1,BRONX,KALIOPE CATERING LLC,THE BLACK WHALE,279 CITY ISLAND AVE,,BRONX,NY,10464,868643,12/29/2014,12/01/2016,11/30/2018,40.84626,-73.78642,"(40.84626, -73.78642)"
1283167,ON-PREMISES LIQUOR,252,OP,New York,1,BRONX,TILILA BAR & GRILL INC,,3648 BAILEY AVE,,BRONX,NY,10463,831826,06/04/2015,06/04/2015,05/31/2017,40.88273,-73.89904,"(40.88273, -73.89904)"
1283324,LIQUOR STORE,222,L,New York,1,BRONX,CHEN LIQUOR STORE INC,YUNG HONG WINE & LIQUOR,385 BEDFORD PARK BLVD,,BRONX,NY,10458,854184,05/21/2015,05/21/2015,04/30/2018,40.86791,-73.88377,"(40.86791, -73.88377)"
1283719,ON-PREMISES LIQUOR,252,OP,New York,1,BRONX,JUST ONE TAVERN INC,,4279 KATONAH AVE,,BRONX,NY,10470,831716,05/21/2015,05/21/2015,04/30/2017,40.89783,-73.86755,"(40.89783, -73.86755)"
1284185,ON-PREMISES LIQUOR,252,OP,New York,1,BRONX,J&J BRONX NY LLC,JIMMY'S GRAND CAFE,1001 CASTLE HILL AVE,,BRONX,NY,10472,832332,10/06/2015,10/06/2015,09/30/2017,40.82774,-73.85039,"(40.82774, -73.85039)"
1284187,LIQUOR STORE,222,L,New York,1,BRONX,GWC LLC,NEW JEROME LIQUORS,3 E 176TH ST,,BRONX,NY,10453,854195,05/27/2015,05/27/2015,04/30/2018,40.84868,-73.91157,"(40.84868, -73.91157)"
1284300,LIQUOR STORE,222,L,New York,1,BRONX,CHAUNCY WINE & LIQUOR INC,,1454 E GUN HILL RD,,BRONX,NY,10469,854272,06/12/2015,06/12/2015,05/31/2018,40.86924,-73.844,"(40.86924, -73.844)"
1284323,ON-PREMISES LIQUOR,252,OP,New York,1,BRONX,ESCAPE INTERNATIONAL CUISINE LLC,ESCAPE INTERNATIONAL CUISINE,1841 HOBART AVE,,BRONX,NY,10461,831897,06/22/2015,06/22/2015,05/31/2017,40.84812,-73.83149,"(40.84812, -73.83149)"
1284998,ON-PREMISES LIQUOR,252,OP,New York,1,BRONX,OUTBACK STEAKHOUSE OF FLORIDA LLC,OUTBACK STEAKHOUSE,270 BAYCHESTER AVE,,BRONX,NY,10475,846454,09/18/2015,09/18/2015,08/31/2017,40.86656,-73.83058,"(40.86656, -73.83058)"
1285175,LIQUOR STORE,222,L,New York,1,BRONX,KEILLY WINE & LIQUOR CORP,KEILLY WINE & LIQUOR CORP,2451 UNIVERSITY AVE,STORE 5,BRONX,NY,10468,854675,09/08/2015,09/08/2015,08/31/2018,40.86422,-73.9041,"(40.86422, -73.9041)"
1285582,ON-PREMISES LIQUOR,252,OP,New York,1,BRONX,CASA RESTAURANT & LOUNGE INC,,3607 TREMONT AVE,,BRONX,NY,10465,852123,06/10/2015,11/10/2015,05/31/2017,40.82884,-73.82441,"(40.82884, -73.82441)"
1285716,ON-PREMISES LIQUOR,252,OP,New York,1,BRONX,CHIPOTLE MEXICAN GRILL OF COLORADO LLC,CHIPOTLE MEXICAN GRILL,4760 3RD AVE,,BRONX,NY,10458,832129,08/19/2015,08/19/2015,07/31/2017,40.86028,-73.8909,"(40.86028, -73.8909)"
1285889,ON-PREMISES LIQUOR,252,OP,New York,1,BRONX,ITALIA CAFE BRONX CORP,,3009 MIDDLETOWN RD,,BRONX,NY,10461,831885,06/17/2015,06/17/2015,05/31/2017,40.84415,-73.83009,"(40.84415, -73.83009)"
1286050,ON-PREMISES LIQUOR,252,OP,New York,1,BRONX,BEAUTIFUL PARADISE RESTAURANT CORP,,2362 JEROME AVE,,BRONX,NY,10468,832172,08/28/2015,08/28/2015,07/31/2017,40.86031,-73.90259,"(40.86031, -73.90259)"
1286071,ON-PREMISES LIQUOR,252,OP,New York,1,BRONX,REMY 10608 CORP,REMY 10608,53 WESTCHESTER SQ,,BRONX,NY,10461,832166,08/27/2015,08/27/2015,07/31/2017,40.84172,-73.84343,"(40.84172, -73.84343)"
1286097,ON-PREMISES LIQUOR,252,OP,New York,1,BRONX,LA POTENCIA RESTAURANT CORP,,1898 JEROME AVE,,BRONX,NY,10453,831985,07/14/2015,07/14/2015,06/30/2017,40.85015,-73.91052,"(40.85015, -73.91052)"
1286419,ON-PREMISES LIQUOR,252,OP,New York,1,BRONX,LA TORRE RESTAURANT & BAR CORP,,610 E 183RD ST,,BRONX,NY,10458,831980,07/14/2015,07/14/2015,06/30/2017,40.8529,-73.88885,"(40.8529, -73.88885)"
1286505,ON-PREMISES LIQUOR,252,OP,New York,1,BRONX,CHIPOTLE MEXICAN GRILL OF COLORADO LLC,CHIPOTLE MEXICAN GRILL,193 W 237TH ST,,BRONX,NY,10463,832011,07/21/2015,07/21/2015,06/30/2017,40.8843,-73.90061,"(40.8843, -73.90061)"
1286511,LIQUOR STORE,222,L,New York,1,BRONX,WILLIE B'S WINE & LIQUOR LLC,,1603 WILLIAMSBRIDGE RD,,BRONX,NY,10461,870849,11/12/2015,11/12/2015,10/31/2018,40.84706,-73.84944,"(40.84706, -73.84944)"
1286749,ON-PREMISES LIQUOR,252,OP,New York,1,BRONX,KHALLE BAR AND GRILL CORP,KHALLE BAR AND GRILL,3638 BAILEY AVE,,BRONX,NY,10463,839559,11/24/2015,11/24/2015,10/31/2017,40.88264,-73.89909,"(40.88264, -73.89909)"
1286809,ON-PREMISES LIQUOR,252,OP,New York,1,BRONX,CITY NORTH GRILL CORP,RIVERDALE K GRILL HOUSE,5693 RIVERDALE AVE,,BRONX,NY,10471,852335,01/14/2016,02/17/2016,12/31/2017,40.90671,-73.90421,"(40.90671, -73.90421)"
1286953,ON-PREMISES LIQUOR,252,OP,New York,1,BRONX,L VIOLET RESTAURANT & LOUNGE INC,,535 E TREMONT AVE,STORE 5,BRONX,NY,10457,832331,10/06/2015,10/06/2015,09/30/2017,40.84674,-73.8958,"(40.84674, -73.8958)"
1287052,LIQUOR STORE,222,L,New York,1,BRONX,AGE LIQUORS INC,,1327 WEBSTER AVE,,BRONX,NY,10456,854651,09/01/2015,09/01/2015,08/31/2018,40.83505,-73.90821,"(40.83505, -73.90821)"
1287362,ON-PREMISES LIQUOR,252,OP,New York,1,BRONX,CHELSEA CRAFT BREWING COMPANY LLC,CHELSEA CRAFT BREWING COMPANY,463 E 173RD ST,STORE 2,BRONX,NY,10457,839535,11/19/2015,11/19/2015,10/31/2017,40.84181,-73.90159,"(40.84181, -73.90159)"
1287390,LIQUOR STORE,222,L,New York,1,BRONX,4388 WHITE PLAINS LIQUORS INC,ALL SAVERS WINE & LIQUORS,4388 WHITE PLAINS RD,,BRONX,NY,10466,854808,10/09/2015,10/09/2015,09/30/2018,40.89801,-73.85427,"(40.89801, -73.85427)"
1287609,ON-PREMISES LIQUOR,252,OP,New York,1,BRONX,GRANGE TAVERN LLC,KEENAN'S BAR,5588 BROADWAY,,BRONX,NY,10463,832412,10/22/2015,10/22/2015,09/30/2017,40.87912,-73.90432,"(40.87912, -73.90432)"
1288253,ON-PREMISES LIQUOR,252,OP,New York,1,BRONX,ACRI CAF? INC,,1315 COMMERCE AVE,,BRONX,NY,10461,861452,10/15/2015,07/18/2016,09/30/2017,40.83581,-73.84048,"(40.83581, -73.84048)"
1288293,ON-PREMISES LIQUOR,252,OP,New York,1,BRONX,ETHICS BAR & LOUNGE INC,ETHICS BAR & LOUNGE,1246 E GUNHILL RD,,BRONX,NY,10469,832437,10/27/2015,10/27/2015,09/30/2017,40.87236,-73.85087,"(40.87236, -73.85087)"
1288336,ON-PREMISES LIQUOR,252,OP,New York,1,BRONX,138 WEST FORDHAM RD FOOD CORP,CELIA'S RESTAURANT BAR & GRILL,136-138 W FORDHAM RD,,BRONX,NY,10468,852357,09/24/2015,02/22/2016,08/31/2017,40.86275,-73.90704,"(40.86275, -73.90704)"
1288353,ON-PREMISES LIQUOR,252,OP,New York,1,BRONX,"LIVING ROOM II LLC, THE",THE LIVING ROOM II,125 SAINT ANNS AVE,,BRONX,NY,10454,832394,10/15/2015,10/15/2015,09/30/2017,40.80392,-73.91986,"(40.80392, -73.91986)"
1288405,LIQUOR STORE,222,L,New York,1,BRONX,THIRD LEVEL INC,UVA WINE & LIQUORS,2175A JEROME AVE,,BRONX,NY,10453,855414,02/16/2016,02/16/2016,01/31/2019,40.85654,-73.90509,"(40.85654, -73.90509)"
1288546,ON-PREMISES LIQUOR,252,OP,New York,1,BRONX,EXITO BAR & LOUNGE CORP,EXITO CAFE,960 E 165TH ST,,BRONX,NY,10459,839638,12/11/2015,12/11/2015,11/30/2017,40.82388,-73.89483,"(40.82388, -73.89483)"
1288760,LIQUOR STORE,222,L,New York,1,BRONX,FAMA WINES & LIQUORS CORP,FAMA WINES & LIQUORS CORP,1706 WATSON AVE,,BRONX,NY,10472,863928,06/13/2016,06/13/2016,05/31/2019,40.8271,-73.86973,"(40.8271, -73.86973)"
1288985,ON-PREMISES LIQUOR,252,OP,New York,1,BRONX,SALOME LATIN CUISINE CORP,,2152 WESTCHESTER AVE,,BRONX,NY,10462,839670,12/17/2015,12/17/2015,11/30/2017,40.83395,-73.85266,"(40.83395, -73.85266)"
1288987,LIQUOR STORE,222,L,New York,1,BRONX,DANILO JOSE WINE & SPIRITS INC,,449 MORRIS PARK AVE,STORE #7,BRONX,NY,10460,863951,06/17/2016,06/17/2016,05/31/2019,40.84045,-73.87359,"(40.84045, -73.87359)"
1289060,LIQUOR STORE,222,L,New York,1,BRONX,FIESTA LIQUORS CORP,,2898 BAILEY AVE,,BRONX,NY,10463,855311,01/28/2016,01/28/2016,12/31/2018,40.87512,-73.90438,"(40.87512, -73.90438)"
1289465,ON-PREMISES LIQUOR,252,OP,New York,1,BRONX,CHIPOTLE MEXICAN GRILL OF COLORADO LLC,CHIPOTLE MEXICAN GRILL,815 HUTCHINSON RIVER PKW,UNIT 1 & 2,BRONX,NY,10465,839527,11/18/2015,11/18/2015,10/31/2017,40.82316,-73.83648,"(40.82316, -73.83648)"
1289535,ON-PREMISES LIQUOR,252,OP,New York,1,BRONX,DIOSA'S RESTAURANT CORP,CARIDAD EXPRESS RESTAURANT,710 E 138TH ST,,BRONX,NY,10454,839865,02/10/2016,02/10/2016,01/31/2018,40.80481,-73.91311,"(40.80481, -73.91311)"
1289610,ON-PREMISES LIQUOR,252,OP,New York,1,BRONX,VISAR'S CORP,VALENTINA'S CAFE,621 CRESCENT AVE,AKA 2334 HUGHES AVE,BRONX,NY,10458,839770,01/19/2016,01/19/2016,12/31/2017,40.85403,-73.88774,"(40.85403, -73.88774)"
1289621,ON-PREMISES LIQUOR,252,OP,New York,1,BRONX,MADDEN'S UPTOWN BAR AND GRILL INC,MADDEN'S UPTOWN BAR AND GRILL,5757 BROADWAY,,BRONX,NY,10463,839930,03/02/2016,03/02/2016,02/28/2018,40.88341,-73.90162,"(40.88341, -73.90162)"
1289664,LIQUOR STORE,222,L,New York,1,BRONX,LEGACY WINE & LIQUOR CORP,,1441 WEBSTER AVE,,BRONX,NY,10456,855059,12/02/2015,12/02/2015,11/30/2018,40.8374,-73.90692,"(40.8374, -73.90692)"
1289749,LIQUOR STORE,222,L,New York,1,BRONX,CALIENTE LIQUOR STORE CORP,,221 E TREMONT AVE,,BRONX,NY,10457,863628,03/25/2016,03/25/2016,02/28/2019,40.84918,-73.90486,"(40.84918, -73.90486)"
1290080,ON-PREMISES LIQUOR,252,OP,New York,1,BRONX,EL SABOR LATINO INC,,2968 JEROME AVE,,BRONX,NY,10468,840595,07/19/2016,07/19/2016,06/30/2018,40.87293,-73.88936,"(40.87293, -73.88936)"
1290134,LIQUOR STORE,222,L,New York,1,BRONX,ELITE WINE & SPIRIT LLC,ELITE WINE & SPIRIT,231A E 149TH ST,,BRONX,NY,10451,855112,12/11/2015,12/11/2015,11/30/2018,40.81782,-73.92401,"(40.81782, -73.92401)"
1290599,ON-PREMISES LIQUOR,252,OP,New York,1,BRONX,MEXICAN DREAM BAR & GRILL CORP,EL SINALOENSE,132 W FORDHAM RD,,BRONX,NY,10468,839691,12/23/2015,12/23/2015,11/30/2017,40.86265,-73.90696,"(40.86265, -73.90696)"
1290752,ON-PREMISES LIQUOR,252,OP,New York,1,BRONX,SALSAZASON LLC,SALSA Y SAZON BAR REST,370 E 146TH ST,,BRONX,NY,10455,840020,03/22/2016,03/22/2016,02/28/2018,40.81429,-73.9198,"(40.81429, -73.9198)"
1290767,ON-PREMISES LIQUOR,252,OP,New York,1,BRONX,K CAFE CORP,,5684 RIVERDALE AVE,,BRONX,NY,10471,841170,12/01/2016,12/01/2016,11/30/2018,40.90647,-73.904,"(40.90647, -73.904)"
1290768,ON-PREMISES LIQUOR,252,OP,New York,1,BRONX,HARLEM GROUP DR CORP,BRONX DRAFTHOUSE,884 GERARD AVE,,BRONX,NY,10452,840104,04/11/2016,04/11/2016,03/31/2018,40.8279,-73.92463,"(40.8279, -73.92463)"
1290814,ON-PREMISES LIQUOR,252,OP,New York,1,BRONX,CAMINITO SPORTS BAR AND BILLIARD INC,,393 E 198TH ST,,BRONX,NY,10459,839799,01/27/2016,01/27/2016,12/31/2017,40.86629,-73.88605,"(40.86629, -73.88605)"
1290958,LIQUOR STORE,222,L,New York,1,BRONX,S & Y LIQUORS INC,,3775 WHITE PLAINS RD,STORE 1,BRONX,NY,10467,855494,03/03/2016,03/03/2016,02/28/2019,40.88323,-73.86313,"(40.88323, -73.86313)"
1291231,ON-PREMISES LIQUOR,252,OP,New York,1,BRONX,NEW TACOPETO RESTAURANT & BAR CORP,,1250 MORRISON AVE,,BRONX,NY,10472,840244,05/11/2016,05/11/2016,04/30/2018,40.83103,-73.87484,"(40.83103, -73.87484)"
1291255,ON-PREMISES LIQUOR,252,OP,New York,1,BRONX,CAPITOL INTERNATIONAL CORP,,590 GRAND CONCOURSE,,BRONX,NY,10451,839964,03/09/2016,03/09/2016,02/28/2018,40.81958,-73.92659,"(40.81958, -73.92659)"
1291307,ON-PREMISES LIQUOR,252,OP,New York,1,BRONX,LA ESMERALDA RESTAURANT CORP,ESTRELLITA POBLANA,45 WESTCHESTER SQ,"STORE 2,3",BRONX,NY,10461,840063,03/31/2016,03/31/2016,02/28/2018,40.8422,-73.84381,"(40.8422, -73.84381)"
1291679,ON-PREMISES LIQUOR,252,OP,New York,1,BRONX,FIESTA DELUXE BAR & LOUNGE INC,GAIA LOUNGE,2341 HOFFMAN ST,,BRONX,NY,10458,840926,05/03/2016,09/29/2016,04/30/2018,40.855,-73.88943,"(40.855, -73.88943)"
1291752,LIQUOR STORE,222,L,New York,1,BRONX,WEBSTER LIQUOR STORE INC,WEBSTER WINE & LIQUOR STORE,2264 WEBSTER AVE,,BRONX,NY,10457,879227,05/24/2016,05/24/2016,04/30/2019,40.85579,-73.89565,"(40.85579, -73.89565)"
1291778,ON-PREMISES LIQUOR,252,OP,New York,1,BRONX,230 BROADWAY RESTAURANT CORP,PARRILLA LATINA,5523 BROADWAY,,BRONX,NY,10463,840094,04/06/2016,04/06/2016,03/31/2018,40.8771,-73.90637,"(40.8771, -73.90637)"
1291785,ON-PREMISES LIQUOR,252,OP,New York,1,BRONX,TAPAS ITALIANO CORP,,2363 ARTHUR AVE,,BRONX,NY,10458,839978,03/11/2016,03/11/2016,02/28/2018,40.85486,-73.88832,"(40.85486, -73.88832)"
1292015,LIQUOR STORE,222,L,New York,1,BRONX,WHITE & BLACK WINES & LIQUOR CORP,WHITE & BLACK WINES & LIQUOR CORP,150 E 165TH ST,,BRONX,NY,10452,863773,05/05/2016,05/05/2016,04/30/2019,40.83099,-73.92121,"(40.83099, -73.92121)"
1292124,ON-PREMISES LIQUOR,252,OP,New York,1,BRONX,LIKI LOUNGE INC,ESSENTIAL CUISINE,608 E FORDHAM RD,,BRONX,NY,10458,840106,04/11/2016,04/11/2016,03/31/2018,40.85816,-73.8848,"(40.85816, -73.8848)"
1292164,ON-PREMISES LIQUOR,252,OP,New York,1,BRONX,"DUMPLIN SHOP LLC,THE",,1530 E 222ND ST,,BRONX,NY,10469,840152,04/20/2016,04/20/2016,03/31/2018,40.8759,-73.83608,"(40.8759, -73.83608)"
1292335,ON-PREMISES LIQUOR,252,OP,New York,1,BRONX,EXOTIC LOUNGE INC,CRUSH BAR AND LOUNGE,10 W MOUNT EDEN AVE,,BRONX,NY,10452,841127,11/21/2016,11/21/2016,10/31/2018,40.84444,-73.91514,"(40.84444, -73.91514)"
1292343,LIQUOR STORE,222,L,New York,1,BRONX,MORRIS PARK LIQUOR INC,,702 MORRIS PARK AVE,,BRONX,NY,10462,863898,06/06/2016,06/06/2016,05/31/2019,40.84514,-73.86577,"(40.84514, -73.86577)"
1292387,ON-PREMISES LIQUOR,252,OP,New York,1,BRONX,3841 EAST TREMONT UNCLE AL'S CORP,UNCLE AL'S SOUL FOOD KITCHEN,3841 E TREMONT AVE,,BRONX,NY,10465,839991,03/16/2016,03/16/2016,02/28/2018,40.82429,-73.81997,"(40.82429, -73.81997)"
1292624,ON-PREMISES LIQUOR,252,OP,New York,1,BRONX,LEGEND'S BAR & RESTAURANT INC,LEGEND'S BAR & RESTAURANT,1735 E 172ND ST,,BRONX,NY,10472,840089,04/05/2016,04/05/2016,03/31/2018,40.83256,-73.86966,"(40.83256, -73.86966)"
1292794,ON-PREMISES LIQUOR,252,OP,New York,1,BRONX,BYP CORPORATION,LA CUEVITA DE MACHO,260 BROOK AVE,STORE #3,BRONX,NY,10454,840183,04/27/2016,04/27/2016,03/31/2018,40.80801,-73.91877,"(40.80801, -73.91877)"
1292950,ON-PREMISES LIQUOR,252,OP,New York,1,BRONX,PROSPECT BILLIARDS CORP,PROSPECT BILLIARDS CAFE,671 PROSPECT AVE,,BRONX,NY,10455,840739,08/17/2016,08/17/2016,07/31/2018,40.81554,-73.90349,"(40.81554, -73.90349)"
1293057,LIQUOR STORE,222,L,New York,1,BRONX,SJS NYC INC,,741 E TREMONT AVE,,BRONX,NY,10457,863982,06/27/2016,06/27/2016,05/31/2019,40.84478,-73.88957,"(40.84478, -73.88957)"
1293180,ON-PREMISES LIQUOR,252,OP,New York,1,BRONX,KAIETEUR RESTAURANT 2 INC,KAIETEUR RESTAURANT K2 BAR& LOUNGE,4379 WHITE PLAINS RD,,BRONX,NY,10466,840263,05/13/2016,05/13/2016,04/30/2018,40.89785,-73.85496,"(40.89785, -73.85496)"
1293839,LIQUOR STORE,222,L,New York,1,BRONX,WOODYCREST LIQUOR STORE INC,,59 W 167TH ST,AKA 1180 WOODYCREST AVE,BRONX,NY,10452,864046,07/13/2016,07/13/2016,06/30/2019,40.83568,-73.92067,"(40.83568, -73.92067)"
1293942,LIQUOR STORE,222,L,New York,1,BRONX,C & S LIQUOR & WINES BRONX INC,C & S LIQUOR & WINE,1396 JEROME AVE,,BRONX,NY,10452,864018,07/06/2016,07/06/2016,06/30/2019,40.83994,-73.91767,"(40.83994, -73.91767)"
1293950,ON-PREMISES LIQUOR,252,OP,New York,1,BRONX,LA VECINA CORP,LA VECINA CORP,1144 CASTLE HILL AVE,,BRONX,NY,10462,840958,10/06/2016,10/06/2016,09/30/2018,40.83087,-73.85072,"(40.83087, -73.85072)"
1294196,ON-PREMISES LIQUOR,252,OP,New York,1,BRONX,TRUTH NYC LOUNGE LLC,,3855 BRONXWOOD AVE,,BRONX,NY,10469,840834,09/07/2016,09/07/2016,08/31/2018,40.88341,-73.85635,"(40.88341, -73.85635)"
1294212,LIQUOR STORE,222,L,New York,1,BRONX,TIGER BROTHER LIQUOR INC,,843A E 149TH ST,,BRONX,NY,10455,864135,08/04/2016,08/04/2016,07/31/2019,40.81236,-73.90459,"(40.81236, -73.90459)"
1294496,LIQUOR STORE,222,L,New York,1,BRONX,VINTAGE CELLAR INC,,3133 E TREMONT AVE,,BRONX,NY,10461,864739,12/08/2016,12/08/2016,11/30/2019,40.83805,-73.83466,"(40.83805, -73.83466)"
1294550,ON-PREMISES LIQUOR,252,OP,New York,1,BRONX,IFLAG CORP,VIKTORIA ITALIAN RESTAURANT,3114 3RD AVE,,BRONX,NY,10451,840657,07/29/2016,07/29/2016,06/30/2018,40.82202,-73.91144,"(40.82202, -73.91144)"
1294688,LIQUOR STORE,222,L,New York,1,BRONX,S & J LIQUORS CORP,,3491 BOSTON RD,,BRONX,NY,10468,864121,08/02/2016,08/02/2016,07/31/2019,40.87699,-73.84685,"(40.87699, -73.84685)"
1294832,LIQUOR STORE,222,L,New York,1,BRONX,MARIEL LIQUOR STORE INC,,1613 WESTCHESTER AVE,,BRONX,NY,10472,864830,12/30/2016,12/30/2016,11/30/2019,40.82954,-73.87499,"(40.82954, -73.87499)"
1294907,LIQUOR STORE,222,L,New York,1,BRONX,NEW DONG FANG WINE & LIQUOR INC,,3009 3RD AVE,STORE 2,BRONX,NY,10455,863987,06/29/2016,06/29/2016,05/31/2019,40.81938,-73.91385,"(40.81938, -73.91385)"
1295004,ON-PREMISES LIQUOR,252,OP,New York,1,BRONX,3524 JA LLC,BACCO,3524 JOHNSON AVE,,BRONX,NY,10463,840582,07/14/2016,07/14/2016,06/30/2018,40.8859,-73.90983,"(40.8859, -73.90983)"
1295224,LIQUOR STORE,222,L,New York,1,BRONX,R & L WINE & LIQUOR INC,,840 HUNTS POINT AVE,,BRONX,NY,10474,864089,07/25/2016,07/25/2016,06/30/2019,40.81758,-73.88847,"(40.81758, -73.88847)"
1295318,ON-PREMISES LIQUOR,252,OP,New York,1,BRONX,R&R 1579 BAKERY CORP,JACQUELINES LOUNGE,1201 MANOR AVE,,BRONX,NY,10472,840675,08/03/2016,08/03/2016,07/31/2018,40.82902,-73.87648,"(40.82902, -73.87648)"
1295537,ON-PREMISES LIQUOR,252,OP,New York,1,BRONX,D'KORA RESTAURANT LOUNGE INC,,894 E TREMONT AVE,,BRONX,NY,10460,840666,08/02/2016,08/02/2016,02/28/2018,40.84213,-73.88476,"(40.84213, -73.88476)"
1295584,ON-PREMISES LIQUOR,252,OP,New York,1,BRONX,561 EL BARRIO RESTAURANT INC,,561 SOUTHERN BLVD,STORE D,BRONX,NY,10455,840763,08/23/2016,08/23/2016,07/31/2018,40.81259,-73.90311,"(40.81259, -73.90311)"
1295623,LIQUOR STORE,222,L,New York,1,BRONX,IRIS & ANGUS LIQUOR STORE INC,,160 W 231ST ST,,BRONX,NY,10463,864202,08/18/2016,08/18/2016,07/31/2019,40.87817,-73.90317,"(40.87817, -73.90317)"
1295830,ON-PREMISES LIQUOR,252,OP,New York,1,BRONX,SRD 2918 CORP,BOULEVARD,2918 BRUCKNER BLVD,,BRONX,NY,10465,840972,10/12/2016,10/12/2016,09/30/2018,40.83323,-73.82739,"(40.83323, -73.82739)"
1295893,ON-PREMISES LIQUOR,252,OP,New York,1,BRONX,EL PARAISO RESTAURANT CORP,,231 BROOK AVE,,BRONX,NY,10454,840896,09/22/2016,09/22/2016,08/31/2018,40.80738,-73.91955,"(40.80738, -73.91955)"
1296143,ON-PREMISES LIQUOR,252,OP,New York,1,BRONX,ZERO LOUNGE RESTAURANT INC,ZERO LOUNGE RESTAURANT,1472 OGDEN AVE,,BRONX,NY,10452,841171,12/01/2016,12/01/2016,11/30/2018,40.84403,-73.92349,"(40.84403, -73.92349)"
1296525,LIQUOR STORE,222,L,New York,1,BRONX,BENNETT LIQUOR INC,MOON WINE & LIQUOR,114 E 170TH ST,,BRONX,NY,10452,864328,09/19/2016,09/19/2016,05/31/2017,40.8392,-73.91542,"(40.8392, -73.91542)"
1296646,LIQUOR STORE,222,L,New York,1,BRONX,R & L SOUTH BRONX LIQUOR INC,,866 PROSPECT AVE,,BRONX,NY,10459,864487,10/19/2016,10/19/2016,09/30/2019,40.82014,-73.90123,"(40.82014, -73.90123)"
1296758,LIQUOR STORE,222,L,New York,1,BRONX,1005 BROWN STONE ENTERPRISES LLC,SOUNDVIEW WINE & LIQUORS,1005 SOUNDVIEW AVE,,BRONX,NY,10472,864593,11/04/2016,11/04/2016,10/31/2019,40.8253,-73.87049,"(40.8253, -73.87049)"
1296771,ON-PREMISES LIQUOR,252,OP,New York,1,BRONX,579 GIO INC,GIOVANNI,579 GRAND CONCOURSE,,BRONX,NY,10451,841148,11/29/2016,11/29/2016,10/31/2018,40.81941,-73.92714,"(40.81941, -73.92714)"
1296844,LIQUOR STORE,222,L,New York,1,BRONX,JAVIER WINES & LIQUORS INC,,273 E 165TH ST,,BRONX,NY,10456,864422,10/06/2016,10/06/2016,09/30/2019,40.82931,-73.91617,"(40.82931, -73.91617)"
1296933,LIQUOR STORE,222,L,New York,1,BRONX,C & W BELMONT WINES & LIQUORS CORP,,686 E 187TH ST,,BRONX,NY,10458,864498,10/20/2016,10/20/2016,09/30/2019,40.85412,-73.88481,"(40.85412, -73.88481)"
1297549,LIQUOR STORE,222,L,New York,1,BRONX,UNIVERSAL WINES & LIQUORS CORP,UNIVERSAL WINES & LIQUORS CORP,386 E 161ST ST,STORE 1,BRONX,NY,10451,864662,11/17/2016,11/17/2016,10/31/2019,40.82422,-73.91446,"(40.82422, -73.91446)"
1297623,ON-PREMISES LIQUOR,252,OP,New York,1,BRONX,EL SAZON DE OLGA RESTAURANT CORP,EL SAZON DE OLGA RESTAURANT CORP,1017 CASTLE HILL AVE,,BRONX,NY,10472,841224,12/14/2016,12/14/2016,11/30/2018,40.82819,-73.85037,"(40.82819, -73.85037)"
1297875,ON-PREMISES LIQUOR,252,OP,New York,1,BRONX,EL NUEVO TENAMPA RESTAURANTE INC,,2765 WEBSTER AVE,,BRONX,NY,10458,841144,11/23/2016,11/23/2016,10/31/2018,40.86585,-73.88638,"(40.86585, -73.88638)"
1297960,ON-PREMISES LIQUOR,252,OP,New York,1,BRONX,CIA 228 LLC,PADDY'S ON THE ISLAND,288 CITY ISLAND AVE,,BRONX,NY,10464,866415,12/15/2016,12/15/2016,11/30/2018,40.84682,-73.78617,"(40.84682, -73.78617)"
1298019,ON-PREMISES LIQUOR,252,OP,New York,1,BRONX,TEQUILA & MEZCAL NY CORP,,2434 E TREMONT AVE,,BRONX,NY,10461,841221,12/14/2016,12/14/2016,11/30/2018,40.84246,-73.85203,"(40.84246, -73.85203)"
