CMPLNT_NUM,CMPLNT_FR_DT,CMPLNT_FR_TM,CMPLNT_TO_DT,CMPLNT_TO_TM,RPT_DT,KY_CD,OFNS_DESC,PD_CD,PD_DESC,CRM_ATPT_CPTD_CD,LAW_CAT_CD,JURIS_DESC,BORO_NM,ADDR_PCT_CD,LOC_OF_OCCUR_DESC,PREM_TYP_DESC,PARKS_NM,HADEVELOPT,X_COORD_CD,Y_COORD_CD,Latitude,Longitude,Lat_Lon
174978278,01/01/2016,23:00:00,01/03/2017,07:30:00,01/03/2017,351,CRIMINAL MISCHIEF & RELATED OF,254,"MISCHIEF, CRIMINAL 4, OF MOTOR",COMPLETED,MISDEMEANOR,N.Y. POLICE DEPT,BRONX,44,,STREET,,,1003990,245248,40.839810529,-73.928660458,"(40.839810529, -73.928660458)"
386949094,01/02/2016,23:15:00,01/02/2017,23:20:00,01/02/2017,578,HARRASSMENT 2,637,"HARASSMENT,SUBD 1,CIVILIAN",COMPLETED,VIOLATION,N.Y. HOUSING POLICE,BRONX,43,INSIDE,RESIDENCE - PUBLIC HOUSING,,CASTLE HILL,1025580,236918,40.816872438,-73.850684927,"(40.816872438, -73.850684927)"
138190254,01/05/2016,12:00:00,03/28/2017,00:59:00,03/28/2017,578,HARRASSMENT 2,637,"HARASSMENT,SUBD 1,CIVILIAN",COMPLETED,VIOLATION,N.Y. POLICE DEPT,BRONX,40,INSIDE,RESIDENCE - APT. HOUSE,,,1004480,232829,40.805722788,-73.926927022,"(40.805722788, -73.926927022)"
181113305,01/16/2016,14:00:00,,,03/29/2017,578,HARRASSMENT 2,638,"HARASSMENT,SUBD 3,4,5",COMPLETED,VIOLATION,N.Y. POLICE DEPT,BRONX,46,INSIDE,CLOTHING/BOUTIQUE,,,1013494,253347,40.862013514,-73.894277397,"(40.862013514, -73.894277397)"
449664187,01/20/2016,11:00:00,02/06/2017,10:00:00,02/06/2017,578,HARRASSMENT 2,638,"HARASSMENT,SUBD 3,4,5",COMPLETED,VIOLATION,N.Y. HOUSING POLICE,BRONX,40,INSIDE,RESIDENCE - PUBLIC HOUSING,,,1009319,235601,40.813318753,-73.909437335,"(40.813318753, -73.909437335)"
355427820,01/27/2016,07:39:00,01/27/2017,07:45:00,01/27/2017,578,HARRASSMENT 2,637,"HARASSMENT,SUBD 1,CIVILIAN",COMPLETED,VIOLATION,N.Y. POLICE DEPT,BRONX,49,,STREET,,,1020905,253117,40.861354575,-73.867486153,"(40.861354575, -73.867486153)"
600685055,01/29/2016,19:00:00,,,01/30/2017,351,CRIMINAL MISCHIEF & RELATED OF,254,"MISCHIEF, CRIMINAL 4, OF MOTOR",COMPLETED,MISDEMEANOR,N.Y. POLICE DEPT,BRONX,46,,STREET,,,1012716,250857,40.855181758,-73.897100624,"(40.855181758, -73.897100624)"
899748862,01/30/2016,15:00:00,02/27/2017,15:00:00,02/27/2017,361,OFF. AGNST PUB ORD SENSBLTY &,639,AGGRAVATED HARASSMENT 2,COMPLETED,MISDEMEANOR,N.Y. POLICE DEPT,BRONX,44,INSIDE,RESIDENCE - APT. HOUSE,,,1005080,246456,40.843123632,-73.924717412,"(40.843123632, -73.924717412)"
268361403,01/31/2016,13:20:00,02/07/2017,10:00:00,02/07/2017,361,OFF. AGNST PUB ORD SENSBLTY &,639,AGGRAVATED HARASSMENT 2,COMPLETED,MISDEMEANOR,N.Y. POLICE DEPT,BRONX,49,INSIDE,RESIDENCE - APT. HOUSE,,,1020165,246201,40.842375266,-73.870198448,"(40.842375266, -73.870198448)"
869441961,02/03/2016,13:06:00,02/03/2017,13:16:00,02/03/2017,578,HARRASSMENT 2,638,"HARASSMENT,SUBD 3,4,5",COMPLETED,VIOLATION,N.Y. POLICE DEPT,BRONX,40,FRONT OF,STREET,,,1004390,233361,40.807183186,-73.927250522,"(40.807183186, -73.927250522)"
871901437,02/06/2016,00:30:00,,,02/06/2017,351,CRIMINAL MISCHIEF & RELATED OF,254,"MISCHIEF, CRIMINAL 4, OF MOTOR",COMPLETED,MISDEMEANOR,N.Y. POLICE DEPT,BRONX,44,,STREET,,,1003990,245248,40.839810529,-73.928660458,"(40.839810529, -73.928660458)"
598043014,02/16/2016,12:34:00,12/16/2016,13:06:00,02/01/2017,578,HARRASSMENT 2,637,"HARASSMENT,SUBD 1,CIVILIAN",COMPLETED,VIOLATION,N.Y. POLICE DEPT,BRONX,52,,STREET,,,1018575,257509,40.873418635,-73.87588707,"(40.873418635, -73.87588707)"
711627312,02/20/2016,12:00:00,02/06/2017,14:30:00,02/08/2017,361,OFF. AGNST PUB ORD SENSBLTY &,639,AGGRAVATED HARASSMENT 2,COMPLETED,MISDEMEANOR,N.Y. POLICE DEPT,BRONX,43,,RESIDENCE - APT. HOUSE,,,1024731,243963,40.836212863,-73.853709673,"(40.836212863, -73.853709673)"
882516281,02/23/2016,17:30:00,02/17/2017,13:00:00,02/17/2017,578,HARRASSMENT 2,638,"HARASSMENT,SUBD 3,4,5",COMPLETED,VIOLATION,N.Y. POLICE DEPT,BRONX,41,INSIDE,RESIDENCE - APT. HOUSE,,,1011581,235322,40.812546267,-73.90126679,"(40.812546267, -73.90126679)"
861172992,02/24/2016,20:00:00,02/24/2017,20:05:00,02/26/2017,578,HARRASSMENT 2,638,"HARASSMENT,SUBD 3,4,5",COMPLETED,VIOLATION,N.Y. POLICE DEPT,BRONX,46,INSIDE,RESIDENCE - APT. HOUSE,,,1009972,250006,40.852854438,-73.907023079,"(40.852854438, -73.907023079)"
482523033,02/24/2016,12:00:00,02/24/2017,13:24:00,02/24/2017,351,CRIMINAL MISCHIEF & RELATED OF,258,"CRIMINAL MISCHIEF 4TH, GRAFFIT",COMPLETED,MISDEMEANOR,N.Y. POLICE DEPT,BRONX,42,FRONT OF,RESIDENCE-HOUSE,,,1009859,241587,40.829747076,-73.907463693,"(40.829747076, -73.907463693)"
980063682,02/27/2016,06:45:00,,,02/27/2017,361,OFF. AGNST PUB ORD SENSBLTY &,639,AGGRAVATED HARASSMENT 2,COMPLETED,MISDEMEANOR,N.Y. POLICE DEPT,BRONX,44,INSIDE,RESIDENCE - APT. HOUSE,,,1004017,242094,40.831153652,-73.928572172,"(40.831153652, -73.928572172)"
606339528,03/05/2016,10:00:00,03/05/2017,17:00:00,03/06/2017,351,CRIMINAL MISCHIEF & RELATED OF,254,"MISCHIEF, CRIMINAL 4, OF MOTOR",COMPLETED,MISDEMEANOR,N.Y. POLICE DEPT,BRONX,50,OPPOSITE OF,STREET,,,1014207,261276,40.883773783,-73.891664283,"(40.883773783, -73.891664283)"
926019903,03/14/2016,23:00:00,03/15/2017,14:30:00,03/15/2017,351,CRIMINAL MISCHIEF & RELATED OF,259,"CRIMINAL MISCHIEF,UNCLASSIFIED 4",COMPLETED,MISDEMEANOR,N.Y. POLICE DEPT,BRONX,44,INSIDE,RESIDENCE - APT. HOUSE,,,1004733,245676,40.840983572,-73.925973925,"(40.840983572, -73.925973925)"
774978689,03/16/2016,01:00:00,03/18/2016,08:00:00,03/18/2017,351,CRIMINAL MISCHIEF & RELATED OF,259,"CRIMINAL MISCHIEF,UNCLASSIFIED 4",COMPLETED,MISDEMEANOR,N.Y. POLICE DEPT,BRONX,43,INSIDE,RESIDENCE-HOUSE,,,1017926,239846,40.824941458,-73.878322473,"(40.824941458, -73.878322473)"
301368354,04/01/2016,14:00:00,02/20/2017,14:00:00,02/27/2017,578,HARRASSMENT 2,638,"HARASSMENT,SUBD 3,4,5",COMPLETED,VIOLATION,N.Y. POLICE DEPT,BRONX,40,INSIDE,RESIDENCE - APT. HOUSE,,,1005041,234533,40.810398494,-73.924895311,"(40.810398494, -73.924895311)"
922486595,04/15/2016,10:30:00,,,03/08/2017,578,HARRASSMENT 2,638,"HARASSMENT,SUBD 3,4,5",COMPLETED,VIOLATION,N.Y. POLICE DEPT,BRONX,43,INSIDE,RESIDENCE - APT. HOUSE,,,1017926,239846,40.824941458,-73.878322473,"(40.824941458, -73.878322473)"
462144573,04/16/2016,19:00:00,,,01/27/2017,361,OFF. AGNST PUB ORD SENSBLTY &,639,AGGRAVATED HARASSMENT 2,COMPLETED,MISDEMEANOR,N.Y. POLICE DEPT,BRONX,45,INSIDE,RESIDENCE - APT. HOUSE,,,1025368,245361,40.840047021,-73.851399092,"(40.840047021, -73.851399092)"
720048415,04/22/2016,07:00:00,02/17/2017,07:00:00,02/17/2017,351,CRIMINAL MISCHIEF & RELATED OF,258,"CRIMINAL MISCHIEF 4TH, GRAFFIT",COMPLETED,MISDEMEANOR,N.Y. HOUSING POLICE,BRONX,49,INSIDE,RESIDENCE - PUBLIC HOUSING,,EASTCHESTER GARDENS,1025376,256698,40.871163624,-73.851300629,"(40.871163624, -73.851300629)"
541416366,05/02/2016,14:00:00,,,01/23/2017,578,HARRASSMENT 2,638,"HARASSMENT,SUBD 3,4,5",COMPLETED,VIOLATION,N.Y. HOUSING POLICE,BRONX,49,INSIDE,RESIDENCE - PUBLIC HOUSING,,PARKSIDE,1020546,255511,40.867926856,-73.868771044,"(40.867926856, -73.868771044)"
175422239,05/13/2016,09:00:00,02/13/2017,04:10:00,02/13/2017,578,HARRASSMENT 2,638,"HARASSMENT,SUBD 3,4,5",COMPLETED,VIOLATION,N.Y. POLICE DEPT,BRONX,46,INSIDE,RESIDENCE - APT. HOUSE,,,1007522,247458,40.84586773,-73.915888033,"(40.84586773, -73.915888033)"
134052005,05/16/2016,10:30:00,,,03/21/2017,578,HARRASSMENT 2,638,"HARASSMENT,SUBD 3,4,5",COMPLETED,VIOLATION,N.Y. POLICE DEPT,BRONX,44,,STREET,,,1010577,246998,40.844596586,-73.904847973,"(40.844596586, -73.904847973)"
582083001,05/17/2016,23:20:00,03/27/2017,14:48:00,03/27/2017,361,OFF. AGNST PUB ORD SENSBLTY &,639,AGGRAVATED HARASSMENT 2,COMPLETED,MISDEMEANOR,N.Y. HOUSING POLICE,BRONX,42,INSIDE,RESIDENCE - PUBLIC HOUSING,,WEST FARMS ROAD REHAB,1015518,241579,40.829706898,-73.887015033,"(40.829706898, -73.887015033)"
145312975,06/01/2016,14:00:00,06/07/2016,15:00:00,01/25/2017,578,HARRASSMENT 2,638,"HARASSMENT,SUBD 3,4,5",COMPLETED,VIOLATION,N.Y. HOUSING POLICE,BRONX,40,INSIDE,RESIDENCE - PUBLIC HOUSING,,,1007373,232751,40.805501602,-73.916477255,"(40.805501602, -73.916477255)"
222640325,06/10/2016,12:00:00,03/09/2017,23:00:00,03/10/2017,361,OFF. AGNST PUB ORD SENSBLTY &,639,AGGRAVATED HARASSMENT 2,COMPLETED,MISDEMEANOR,N.Y. POLICE DEPT,BRONX,47,INSIDE,RESIDENCE-HOUSE,,,1024589,267878,40.90185281,-73.854078872,"(40.90185281, -73.854078872)"
730636170,06/24/2016,13:54:00,02/28/2017,14:05:00,02/28/2017,361,OFF. AGNST PUB ORD SENSBLTY &,639,AGGRAVATED HARASSMENT 2,COMPLETED,MISDEMEANOR,N.Y. HOUSING POLICE,BRONX,47,INSIDE,RESIDENCE - PUBLIC HOUSING,,EDENWALD,1026242,262091,40.885961642,-73.848135601,"(40.885961642, -73.848135601)"
463975165,06/29/2016,07:00:00,02/17/2017,07:00:00,02/17/2017,351,CRIMINAL MISCHIEF & RELATED OF,258,"CRIMINAL MISCHIEF 4TH, GRAFFIT",COMPLETED,MISDEMEANOR,N.Y. POLICE DEPT,BRONX,49,,STREET,,,1021254,256159,40.869702477,-73.866207651,"(40.869702477, -73.866207651)"
563545204,07/01/2016,00:00:00,03/12/2017,10:10:00,03/12/2017,361,OFF. AGNST PUB ORD SENSBLTY &,639,AGGRAVATED HARASSMENT 2,COMPLETED,MISDEMEANOR,N.Y. POLICE DEPT,BRONX,52,INSIDE,RESIDENCE - APT. HOUSE,,,1012901,254530,40.865262434,-73.896416174,"(40.865262434, -73.896416174)"
151647902,07/11/2016,11:47:00,01/31/2017,12:00:00,02/03/2017,578,HARRASSMENT 2,638,"HARASSMENT,SUBD 3,4,5",COMPLETED,VIOLATION,N.Y. POLICE DEPT,BRONX,47,INSIDE,RESIDENCE-HOUSE,,,1025806,262122,40.886048791,-73.849712219,"(40.886048791, -73.849712219)"
724865968,07/28/2016,14:04:00,07/28/2016,14:14:00,02/22/2017,361,OFF. AGNST PUB ORD SENSBLTY &,639,AGGRAVATED HARASSMENT 2,COMPLETED,MISDEMEANOR,N.Y. POLICE DEPT,BRONX,47,INSIDE,RESIDENCE - APT. HOUSE,,,1027822,265225,40.89455581,-73.842401084,"(40.89455581, -73.842401084)"
583197352,08/01/2016,08:00:00,01/25/2017,08:00:00,01/25/2017,578,HARRASSMENT 2,637,"HARASSMENT,SUBD 1,CIVILIAN",COMPLETED,VIOLATION,N.Y. POLICE DEPT,BRONX,42,INSIDE,RESIDENCE - APT. HOUSE,,,1008343,239467,40.823932548,-73.912949346,"(40.823932548, -73.912949346)"
489967916,08/01/2016,21:00:00,,,01/19/2017,351,CRIMINAL MISCHIEF & RELATED OF,258,"CRIMINAL MISCHIEF 4TH, GRAFFIT",COMPLETED,MISDEMEANOR,N.Y. POLICE DEPT,BRONX,46,FRONT OF,RESIDENCE - APT. HOUSE,,,1011851,253013,40.861102075,-73.900218606,"(40.861102075, -73.900218606)"
232524759,08/01/2016,10:00:00,01/11/2017,10:00:00,01/12/2017,578,HARRASSMENT 2,638,"HARASSMENT,SUBD 3,4,5",COMPLETED,VIOLATION,N.Y. POLICE DEPT,BRONX,48,INSIDE,RESIDENCE - APT. HOUSE,,,1015431,248837,40.849628291,-73.887295663,"(40.849628291, -73.887295663)"
898154105,08/05/2016,18:00:00,02/05/2017,18:00:00,02/08/2017,578,HARRASSMENT 2,638,"HARASSMENT,SUBD 3,4,5",COMPLETED,VIOLATION,N.Y. POLICE DEPT,BRONX,46,INSIDE,RESIDENCE - APT. HOUSE,,,1005303,248396,40.848447832,-73.923905353,"(40.848447832, -73.923905353)"
146836913,08/15/2016,20:00:00,02/22/2017,12:30:00,02/22/2017,361,OFF. AGNST PUB ORD SENSBLTY &,639,AGGRAVATED HARASSMENT 2,COMPLETED,MISDEMEANOR,N.Y. POLICE DEPT,BRONX,44,INSIDE,RESIDENCE - APT. HOUSE,,,1006301,241439,40.829350458,-73.920320955,"(40.829350458, -73.920320955)"
859805712,08/16/2016,00:00:00,02/17/2017,00:00:00,02/18/2017,578,HARRASSMENT 2,638,"HARASSMENT,SUBD 3,4,5",COMPLETED,VIOLATION,N.Y. POLICE DEPT,BRONX,46,INSIDE,RESIDENCE - APT. HOUSE,,,1010687,249477,40.851400379,-73.904440628,"(40.851400379, -73.904440628)"
785005301,08/20/2016,13:00:00,03/27/2017,21:41:00,03/28/2017,126,MISCELLANEOUS PENAL LAW,640,AGGRAVATED HARASSMENT 1,COMPLETED,FELONY,N.Y. POLICE DEPT,BRONX,43,INSIDE,RESIDENCE-HOUSE,,,1021170,241240,40.828754623,-73.866593516,"(40.828754623, -73.866593516)"
893372969,09/01/2016,12:00:00,02/25/2017,00:50:00,02/25/2017,361,OFF. AGNST PUB ORD SENSBLTY &,639,AGGRAVATED HARASSMENT 2,COMPLETED,MISDEMEANOR,N.Y. POLICE DEPT,BRONX,52,FRONT OF,RESIDENCE - APT. HOUSE,,,1015484,254919,40.86632136,-73.887075753,"(40.86632136, -73.887075753)"
136493688,09/08/2016,21:30:00,03/06/2017,02:00:00,03/06/2017,578,HARRASSMENT 2,638,"HARASSMENT,SUBD 3,4,5",COMPLETED,VIOLATION,N.Y. POLICE DEPT,BRONX,45,INSIDE,RESIDENCE - APT. HOUSE,,,1030507,246978,40.844459782,-73.832815397,"(40.844459782, -73.832815397)"
295021675,09/08/2016,12:00:00,01/30/2017,12:34:00,02/03/2017,361,OFF. AGNST PUB ORD SENSBLTY &,639,AGGRAVATED HARASSMENT 2,COMPLETED,MISDEMEANOR,N.Y. POLICE DEPT,BRONX,47,INSIDE,RESIDENCE - APT. HOUSE,,,1028129,258790,40.876892256,-73.841332823,"(40.876892256, -73.841332823)"
511397677,09/13/2016,09:00:00,02/05/2017,03:00:00,02/05/2017,361,OFF. AGNST PUB ORD SENSBLTY &,639,AGGRAVATED HARASSMENT 2,COMPLETED,MISDEMEANOR,N.Y. POLICE DEPT,BRONX,52,INSIDE,RESIDENCE-HOUSE,,,1016776,256311,40.870137307,-73.88239781,"(40.870137307, -73.88239781)"
520330286,09/14/2016,09:00:00,03/30/2017,08:00:00,03/30/2017,578,HARRASSMENT 2,638,"HARASSMENT,SUBD 3,4,5",COMPLETED,VIOLATION,N.Y. POLICE DEPT,BRONX,50,INSIDE,RESIDENCE - APT. HOUSE,,,1012528,261125,40.883364874,-73.897736889,"(40.883364874, -73.897736889)"
398289466,09/16/2016,19:19:00,03/03/2017,10:00:00,03/03/2017,361,OFF. AGNST PUB ORD SENSBLTY &,639,AGGRAVATED HARASSMENT 2,COMPLETED,MISDEMEANOR,N.Y. POLICE DEPT,BRONX,43,INSIDE,RESIDENCE - APT. HOUSE,,,1021035,244039,40.83643763,-73.867065981,"(40.83643763, -73.867065981)"
192021206,09/16/2016,13:00:00,01/27/2017,20:00:00,01/27/2017,361,OFF. AGNST PUB ORD SENSBLTY &,639,AGGRAVATED HARASSMENT 2,COMPLETED,MISDEMEANOR,N.Y. POLICE DEPT,BRONX,44,INSIDE,RESIDENCE - APT. HOUSE,,,1007606,244110,40.836678228,-73.915596087,"(40.836678228, -73.915596087)"
499011930,09/16/2016,08:00:00,09/16/2016,15:00:00,01/04/2017,578,HARRASSMENT 2,638,"HARASSMENT,SUBD 3,4,5",COMPLETED,VIOLATION,N.Y. POLICE DEPT,BRONX,50,INSIDE,PUBLIC SCHOOL,,,1011576,258433,40.875979172,-73.901190679,"(40.875979172, -73.901190679)"
718474670,09/20/2016,12:00:00,11/01/2016,15:00:00,01/27/2017,578,HARRASSMENT 2,638,"HARASSMENT,SUBD 3,4,5",COMPLETED,VIOLATION,N.Y. POLICE DEPT,BRONX,43,INSIDE,PUBLIC SCHOOL,,,1023961,236093,40.814615472,-73.856538901,"(40.814615472, -73.856538901)"
735392271,09/24/2016,16:24:00,01/28/2017,16:41:00,01/30/2017,361,OFF. AGNST PUB ORD SENSBLTY &,639,AGGRAVATED HARASSMENT 2,COMPLETED,MISDEMEANOR,N.Y. POLICE DEPT,BRONX,49,INSIDE,RESIDENCE - APT. HOUSE,,,1021958,252793,40.860460858,-73.863681172,"(40.860460858, -73.863681172)"
294678795,09/26/2016,08:00:00,02/08/2017,14:40:00,02/10/2017,578,HARRASSMENT 2,638,"HARASSMENT,SUBD 3,4,5",COMPLETED,VIOLATION,N.Y. POLICE DEPT,BRONX,48,INSIDE,PUBLIC SCHOOL,,,1016596,250802,40.855017438,-73.883075218,"(40.855017438, -73.883075218)"
219410300,10/01/2016,08:00:00,12/31/2016,16:00:00,01/10/2017,361,OFF. AGNST PUB ORD SENSBLTY &,639,AGGRAVATED HARASSMENT 2,COMPLETED,MISDEMEANOR,N.Y. POLICE DEPT,BRONX,42,INSIDE,PUBLIC SCHOOL,,,1011020,246636,40.84360167,-73.903248288,"(40.84360167, -73.903248288)"
125625025,10/03/2016,08:00:00,01/02/2017,08:00:00,01/02/2017,361,OFF. AGNST PUB ORD SENSBLTY &,639,AGGRAVATED HARASSMENT 2,COMPLETED,MISDEMEANOR,N.Y. POLICE DEPT,BRONX,41,INSIDE,RESIDENCE - APT. HOUSE,,,1012244,239768,40.824747205,-73.898853125,"(40.824747205, -73.898853125)"
344325066,10/05/2016,19:00:00,,,01/10/2017,361,OFF. AGNST PUB ORD SENSBLTY &,639,AGGRAVATED HARASSMENT 2,COMPLETED,MISDEMEANOR,N.Y. POLICE DEPT,BRONX,46,INSIDE,RESIDENCE - APT. HOUSE,,,1006529,249245,40.850775078,-73.919471155,"(40.850775078, -73.919471155)"
374336115,10/07/2016,16:00:00,10/07/2016,17:00:00,01/12/2017,578,HARRASSMENT 2,637,"HARASSMENT,SUBD 1,CIVILIAN",COMPLETED,VIOLATION,N.Y. POLICE DEPT,BRONX,44,,STREET,,,1004369,237509,40.818568337,-73.927313946,"(40.818568337, -73.927313946)"
694439136,10/10/2016,16:07:00,,,01/04/2017,578,HARRASSMENT 2,637,"HARASSMENT,SUBD 1,CIVILIAN",COMPLETED,VIOLATION,N.Y. POLICE DEPT,BRONX,40,,STREET,,,1007021,236272,40.815166681,-73.917736795,"(40.815166681, -73.917736795)"
634516086,10/11/2016,07:50:00,02/13/2017,07:50:00,02/14/2017,361,OFF. AGNST PUB ORD SENSBLTY &,639,AGGRAVATED HARASSMENT 2,COMPLETED,MISDEMEANOR,N.Y. POLICE DEPT,BRONX,50,FRONT OF,PUBLIC SCHOOL,,,1007203,260937,40.882864329,-73.916994852,"(40.882864329, -73.916994852)"
148884389,10/12/2016,13:00:00,10/12/2016,14:30:00,02/04/2017,351,CRIMINAL MISCHIEF & RELATED OF,259,"CRIMINAL MISCHIEF,UNCLASSIFIED 4",COMPLETED,MISDEMEANOR,N.Y. POLICE DEPT,BRONX,47,INSIDE,RESIDENCE - APT. HOUSE,,,1024964,268497,40.903550041,-73.852718582,"(40.903550041, -73.852718582)"
718547382,10/13/2016,10:00:00,,,01/09/2017,361,OFF. AGNST PUB ORD SENSBLTY &,639,AGGRAVATED HARASSMENT 2,COMPLETED,MISDEMEANOR,N.Y. POLICE DEPT,BRONX,47,INSIDE,RESIDENCE-HOUSE,,,1024069,258398,40.875835589,-73.856016286,"(40.875835589, -73.856016286)"
613138530,10/15/2016,19:00:00,10/16/2016,16:18:00,03/08/2017,351,CRIMINAL MISCHIEF & RELATED OF,254,"MISCHIEF, CRIMINAL 4, OF MOTOR",COMPLETED,MISDEMEANOR,N.Y. POLICE DEPT,BRONX,40,FRONT OF,STREET,,,1007939,237826,40.819429561,-73.914414859,"(40.819429561, -73.914414859)"
266081445,10/15/2016,12:00:00,01/18/2017,20:12:00,01/18/2017,361,OFF. AGNST PUB ORD SENSBLTY &,639,AGGRAVATED HARASSMENT 2,COMPLETED,MISDEMEANOR,N.Y. POLICE DEPT,BRONX,41,INSIDE,RESIDENCE - APT. HOUSE,,,1015289,237927,40.819684009,-73.887859414,"(40.819684009, -73.887859414)"
741693249,10/18/2016,08:30:00,02/15/2017,07:30:00,02/15/2017,361,OFF. AGNST PUB ORD SENSBLTY &,639,AGGRAVATED HARASSMENT 2,COMPLETED,MISDEMEANOR,N.Y. POLICE DEPT,BRONX,41,INSIDE,RESIDENCE - APT. HOUSE,,,1012141,236947,40.817004686,-73.899237011,"(40.817004686, -73.899237011)"
257997696,10/18/2016,14:45:00,,,02/03/2017,578,HARRASSMENT 2,638,"HARASSMENT,SUBD 3,4,5",COMPLETED,VIOLATION,N.Y. POLICE DEPT,BRONX,42,INSIDE,PRIVATE/PAROCHIAL SCHOOL,,,1015327,244419,40.837502549,-73.887692052,"(40.837502549, -73.887692052)"
665727479,10/19/2016,17:30:00,,,01/19/2017,578,HARRASSMENT 2,638,"HARASSMENT,SUBD 3,4,5",COMPLETED,VIOLATION,N.Y. HOUSING POLICE,BRONX,46,INSIDE,RESIDENCE - PUBLIC HOUSING,,SEDGWICK,1005852,247414,40.845751206,-73.921924155,"(40.845751206, -73.921924155)"
551529636,10/20/2016,13:00:00,10/25/2016,14:00:00,02/06/2017,578,HARRASSMENT 2,638,"HARASSMENT,SUBD 3,4,5",COMPLETED,VIOLATION,N.Y. POLICE DEPT,BRONX,49,,PUBLIC SCHOOL,,,1022761,252506,40.859669664,-73.860779856,"(40.859669664, -73.860779856)"
569055451,10/20/2016,16:00:00,01/17/2017,22:00:00,01/18/2017,361,OFF. AGNST PUB ORD SENSBLTY &,639,AGGRAVATED HARASSMENT 2,COMPLETED,MISDEMEANOR,N.Y. HOUSING POLICE,BRONX,43,FRONT OF,RESIDENCE - PUBLIC HOUSING,,CASTLE HILL,1026382,237309,40.817941833,-73.847785022,"(40.817941833, -73.847785022)"
370159984,10/21/2016,13:00:00,10/21/2016,13:00:00,02/06/2017,578,HARRASSMENT 2,637,"HARASSMENT,SUBD 1,CIVILIAN",COMPLETED,VIOLATION,DEPT OF CORRECTIONS,BRONX,41,INSIDE,OTHER,,,1016268,227533,40.791151867,-73.884371919,"(40.791151867, -73.884371919)"
857701204,10/25/2016,17:00:00,01/24/2017,18:00:00,01/25/2017,361,OFF. AGNST PUB ORD SENSBLTY &,639,AGGRAVATED HARASSMENT 2,COMPLETED,MISDEMEANOR,N.Y. POLICE DEPT,BRONX,49,INSIDE,OTHER,,,1026716,247078,40.844753298,-73.846516495,"(40.844753298, -73.846516495)"
503938724,10/25/2016,14:10:00,12/29/2016,17:00:00,01/04/2017,578,HARRASSMENT 2,638,"HARASSMENT,SUBD 3,4,5",COMPLETED,VIOLATION,N.Y. HOUSING POLICE,BRONX,42,INSIDE,RESIDENCE - PUBLIC HOUSING,,,1011047,239814,40.824877175,-73.903177956,"(40.824877175, -73.903177956)"
320847413,10/26/2016,18:14:00,10/26/2016,18:30:00,01/05/2017,351,CRIMINAL MISCHIEF & RELATED OF,259,"CRIMINAL MISCHIEF,UNCLASSIFIED 4",COMPLETED,MISDEMEANOR,DEPT OF CORRECTIONS,BRONX,41,INSIDE,OTHER,,,1016268,227533,40.791151867,-73.884371919,"(40.791151867, -73.884371919)"
952250517,10/27/2016,20:30:00,10/27/2016,20:40:00,01/15/2017,578,HARRASSMENT 2,638,"HARASSMENT,SUBD 3,4,5",COMPLETED,VIOLATION,N.Y. POLICE DEPT,BRONX,45,FRONT OF,RESIDENCE - APT. HOUSE,,,1033913,238756,40.821874304,-73.82056604,"(40.821874304, -73.82056604)"
983969972,10/30/2016,07:20:00,,,01/03/2017,578,HARRASSMENT 2,637,"HARASSMENT,SUBD 1,CIVILIAN",COMPLETED,VIOLATION,N.Y. POLICE DEPT,BRONX,41,INSIDE,PUBLIC SCHOOL,,,1015551,236000,40.814394014,-73.886921812,"(40.814394014, -73.886921812)"
358209419,11/01/2016,12:00:00,,,03/10/2017,578,HARRASSMENT 2,637,"HARASSMENT,SUBD 1,CIVILIAN",COMPLETED,VIOLATION,N.Y. POLICE DEPT,BRONX,52,INSIDE,PUBLIC SCHOOL,,,1015633,260449,40.881498971,-73.886511145,"(40.881498971, -73.886511145)"
843348277,11/01/2016,12:00:00,,,02/14/2017,361,OFF. AGNST PUB ORD SENSBLTY &,639,AGGRAVATED HARASSMENT 2,COMPLETED,MISDEMEANOR,N.Y. POLICE DEPT,BRONX,41,INSIDE,RESIDENCE - APT. HOUSE,,,1014216,238784,40.822039935,-73.891732267,"(40.822039935, -73.891732267)"
167763736,11/01/2016,15:00:00,01/16/2017,07:45:00,01/20/2017,578,HARRASSMENT 2,638,"HARASSMENT,SUBD 3,4,5",COMPLETED,VIOLATION,N.Y. POLICE DEPT,BRONX,48,INSIDE,PUBLIC SCHOOL,,,1016596,250802,40.855017438,-73.883075218,"(40.855017438, -73.883075218)"
629420129,11/02/2016,14:40:00,,,01/13/2017,578,HARRASSMENT 2,638,"HARASSMENT,SUBD 3,4,5",COMPLETED,VIOLATION,N.Y. POLICE DEPT,BRONX,48,,STREET,,,1016143,249617,40.851766616,-73.884718385,"(40.851766616, -73.884718385)"
801952810,11/03/2016,10:30:00,01/29/2017,16:00:00,02/01/2017,578,HARRASSMENT 2,637,"HARASSMENT,SUBD 1,CIVILIAN",COMPLETED,VIOLATION,N.Y. POLICE DEPT,BRONX,49,INSIDE,RESIDENCE - APT. HOUSE,,,1020075,255282,40.867300246,-73.870475195,"(40.867300246, -73.870475195)"
264261169,11/04/2016,08:30:00,11/18/2016,13:38:00,02/01/2017,578,HARRASSMENT 2,638,"HARASSMENT,SUBD 3,4,5",COMPLETED,VIOLATION,N.Y. POLICE DEPT,BRONX,42,INSIDE,,,,1011743,244940,40.838944426,-73.900642148,"(40.838944426, -73.900642148)"
612855140,11/04/2016,03:40:00,,,01/18/2017,578,HARRASSMENT 2,637,"HARASSMENT,SUBD 1,CIVILIAN",COMPLETED,VIOLATION,N.Y. POLICE DEPT,BRONX,43,INSIDE,RESIDENCE - APT. HOUSE,,,1024490,244699,40.83823407,-73.854576191,"(40.83823407, -73.854576191)"
989141564,11/05/2016,00:30:00,01/18/2017,10:25:00,01/19/2017,351,CRIMINAL MISCHIEF & RELATED OF,258,"CRIMINAL MISCHIEF 4TH, GRAFFIT",COMPLETED,MISDEMEANOR,N.Y. POLICE DEPT,BRONX,41,,STREET,,,1014347,235987,40.814362516,-73.891271499,"(40.814362516, -73.891271499)"
450954082,11/05/2016,19:50:00,12/01/2016,13:13:00,01/03/2017,361,OFF. AGNST PUB ORD SENSBLTY &,639,AGGRAVATED HARASSMENT 2,COMPLETED,MISDEMEANOR,N.Y. HOUSING POLICE,BRONX,43,INSIDE,RESIDENCE - PUBLIC HOUSING,,SOUNDVIEW,1020891,236726,40.816366145,-73.867626311,"(40.816366145, -73.867626311)"
277050294,11/06/2016,08:00:00,01/09/2017,08:00:00,01/09/2017,578,HARRASSMENT 2,638,"HARASSMENT,SUBD 3,4,5",COMPLETED,VIOLATION,N.Y. POLICE DEPT,BRONX,45,INSIDE,GROCERY/BODEGA,,,1031710,242991,40.833510262,-73.828495634,"(40.833510262, -73.828495634)"
814555433,11/07/2016,18:00:00,11/07/2016,18:30:00,03/09/2017,578,HARRASSMENT 2,638,"HARASSMENT,SUBD 3,4,5",COMPLETED,VIOLATION,N.Y. POLICE DEPT,BRONX,52,,BUS (NYC TRANSIT),,,1012721,253539,40.862543023,-73.897071158,"(40.862543023, -73.897071158)"
617355005,11/08/2016,11:45:00,11/08/2016,12:00:00,03/02/2017,578,HARRASSMENT 2,638,"HARASSMENT,SUBD 3,4,5",COMPLETED,VIOLATION,N.Y. POLICE DEPT,BRONX,52,INSIDE,COMMERCIAL BUILDING,,,1015373,254376,40.864831383,-73.887479591,"(40.864831383, -73.887479591)"
210897145,11/08/2016,10:20:00,11/08/2016,10:20:00,01/26/2017,126,MISCELLANEOUS PENAL LAW,640,AGGRAVATED HARASSMENT 1,COMPLETED,FELONY,DEPT OF CORRECTIONS,BRONX,41,INSIDE,OTHER,,,1016268,227533,40.791151867,-73.884371919,"(40.791151867, -73.884371919)"
965591440,11/09/2016,17:45:00,11/09/2016,17:48:00,01/04/2017,351,CRIMINAL MISCHIEF & RELATED OF,254,"MISCHIEF, CRIMINAL 4, OF MOTOR",COMPLETED,MISDEMEANOR,N.Y. POLICE DEPT,BRONX,40,,STREET,,,1006227,232807,40.805658231,-73.920616616,"(40.805658231, -73.920616616)"
936688187,11/10/2016,00:00:00,01/12/2017,18:00:00,01/13/2017,361,OFF. AGNST PUB ORD SENSBLTY &,639,AGGRAVATED HARASSMENT 2,COMPLETED,MISDEMEANOR,N.Y. POLICE DEPT,BRONX,50,INSIDE,RESIDENCE - APT. HOUSE,,,1008752,263627,40.890243367,-73.911383253,"(40.890243367, -73.911383253)"
452454586,11/10/2016,21:00:00,01/11/2017,11:00:00,01/12/2017,578,HARRASSMENT 2,638,"HARASSMENT,SUBD 3,4,5",COMPLETED,VIOLATION,N.Y. POLICE DEPT,BRONX,49,INSIDE,RESIDENCE - APT. HOUSE,,,1019995,246011,40.841854462,-73.870813869,"(40.841854462, -73.870813869)"
513567670,11/10/2016,10:00:00,01/07/2017,17:25:00,01/08/2017,361,OFF. AGNST PUB ORD SENSBLTY &,639,AGGRAVATED HARASSMENT 2,COMPLETED,MISDEMEANOR,N.Y. POLICE DEPT,BRONX,43,INSIDE,RESIDENCE - APT. HOUSE,,,1022144,243511,40.834983734,-73.86306121,"(40.834983734, -73.86306121)"
707055152,11/11/2016,20:30:00,,,03/27/2017,578,HARRASSMENT 2,638,"HARASSMENT,SUBD 3,4,5",COMPLETED,VIOLATION,N.Y. POLICE DEPT,BRONX,44,INSIDE,RESIDENCE - APT. HOUSE,,,1005651,239600,40.824304526,-73.922675571,"(40.824304526, -73.922675571)"
986823733,11/12/2016,09:19:00,11/12/2016,09:21:00,01/10/2017,361,OFF. AGNST PUB ORD SENSBLTY &,639,AGGRAVATED HARASSMENT 2,COMPLETED,MISDEMEANOR,N.Y. POLICE DEPT,BRONX,43,INSIDE,COMMERCIAL BUILDING,,,1023002,245949,40.841671606,-73.859946514,"(40.841671606, -73.859946514)"
801316551,11/14/2016,18:00:00,02/12/2017,18:00:00,02/12/2017,361,OFF. AGNST PUB ORD SENSBLTY &,639,AGGRAVATED HARASSMENT 2,COMPLETED,MISDEMEANOR,N.Y. POLICE DEPT,BRONX,46,INSIDE,RESIDENCE - APT. HOUSE,,,1011756,252027,40.858396099,-73.900566094,"(40.858396099, -73.900566094)"
761175003,11/15/2016,20:00:00,02/22/2017,16:00:00,02/22/2017,361,OFF. AGNST PUB ORD SENSBLTY &,639,AGGRAVATED HARASSMENT 2,COMPLETED,MISDEMEANOR,N.Y. HOUSING POLICE,BRONX,40,INSIDE,RESIDENCE - PUBLIC HOUSING,,,1005170,235308,40.812525348,-73.924426892,"(40.812525348, -73.924426892)"
606239601,11/16/2016,08:00:00,01/24/2017,17:00:00,01/25/2017,361,OFF. AGNST PUB ORD SENSBLTY &,639,AGGRAVATED HARASSMENT 2,COMPLETED,MISDEMEANOR,N.Y. POLICE DEPT,BRONX,48,INSIDE,RESIDENCE - APT. HOUSE,,,1017336,246011,40.841864825,-73.880423866,"(40.841864825, -73.880423866)"
564963325,11/16/2016,00:30:00,11/16/2016,01:00:00,01/01/2017,351,CRIMINAL MISCHIEF & RELATED OF,259,"CRIMINAL MISCHIEF,UNCLASSIFIED 4",COMPLETED,MISDEMEANOR,N.Y. POLICE DEPT,BRONX,45,INSIDE,RESIDENCE - APT. HOUSE,,,1031944,250456,40.853998204,-73.82759694,"(40.853998204, -73.82759694)"
214642926,11/17/2016,14:35:00,01/14/2017,01:50:00,01/14/2017,351,CRIMINAL MISCHIEF & RELATED OF,258,"CRIMINAL MISCHIEF 4TH, GRAFFIT",COMPLETED,MISDEMEANOR,N.Y. POLICE DEPT,BRONX,41,,STREET,,,1015669,239971,40.825292864,-73.886476927,"(40.825292864, -73.886476927)"
533040869,11/17/2016,14:35:00,01/14/2017,01:52:00,01/14/2017,351,CRIMINAL MISCHIEF & RELATED OF,258,"CRIMINAL MISCHIEF 4TH, GRAFFIT",COMPLETED,MISDEMEANOR,N.Y. POLICE DEPT,BRONX,41,,STREET,,,1015501,239229,40.823256881,-73.887087408,"(40.823256881, -73.887087408)"
880249564,11/17/2016,11:46:00,01/02/2017,10:03:00,01/02/2017,361,OFF. AGNST PUB ORD SENSBLTY &,639,AGGRAVATED HARASSMENT 2,COMPLETED,MISDEMEANOR,N.Y. POLICE DEPT,BRONX,41,INSIDE,RESIDENCE - APT. HOUSE,,,1012244,239768,40.824747205,-73.898853125,"(40.824747205, -73.898853125)"
810802212,11/19/2016,18:00:00,11/19/2016,18:05:00,03/09/2017,578,HARRASSMENT 2,638,"HARASSMENT,SUBD 3,4,5",COMPLETED,VIOLATION,N.Y. POLICE DEPT,BRONX,40,INSIDE,RESIDENCE-HOUSE,,,1006575,234737,40.810954674,-73.919353161,"(40.810954674, -73.919353161)"
347705280,11/20/2016,02:00:00,01/16/2017,12:00:00,01/21/2017,361,OFF. AGNST PUB ORD SENSBLTY &,639,AGGRAVATED HARASSMENT 2,COMPLETED,MISDEMEANOR,N.Y. POLICE DEPT,BRONX,42,INSIDE,RESIDENCE - APT. HOUSE,,,1009174,239145,40.823046444,-73.909948,"(40.823046444, -73.909948)"
692632656,11/20/2016,02:15:00,11/20/2016,02:30:00,01/12/2017,578,HARRASSMENT 2,637,"HARASSMENT,SUBD 1,CIVILIAN",COMPLETED,VIOLATION,N.Y. POLICE DEPT,BRONX,41,INSIDE,RESIDENCE-HOUSE,,,1012227,238944,40.822485613,-73.898917985,"(40.822485613, -73.898917985)"
972278878,11/21/2016,21:00:00,01/13/2017,20:00:00,01/13/2017,351,CRIMINAL MISCHIEF & RELATED OF,259,"CRIMINAL MISCHIEF,UNCLASSIFIED 4",COMPLETED,MISDEMEANOR,N.Y. POLICE DEPT,BRONX,47,INSIDE,RESIDENCE-HOUSE,,,1025924,262375,40.886742638,-73.849283892,"(40.886742638, -73.849283892)"
827131527,11/23/2016,14:05:00,11/23/2016,14:10:00,03/28/2017,578,HARRASSMENT 2,637,"HARASSMENT,SUBD 1,CIVILIAN",COMPLETED,VIOLATION,N.Y. POLICE DEPT,BRONX,52,INSIDE,PUBLIC SCHOOL,,,1015633,260449,40.881498971,-73.886511145,"(40.881498971, -73.886511145)"
643696030,11/23/2016,18:00:00,11/27/2016,18:00:00,01/15/2017,361,OFF. AGNST PUB ORD SENSBLTY &,639,AGGRAVATED HARASSMENT 2,COMPLETED,MISDEMEANOR,N.Y. POLICE DEPT,BRONX,46,INSIDE,RESIDENCE - APT. HOUSE,,,1007243,248348,40.848311248,-73.916893388,"(40.848311248, -73.916893388)"
448225990,11/24/2016,16:00:00,03/16/2017,19:00:00,03/17/2017,578,HARRASSMENT 2,638,"HARASSMENT,SUBD 3,4,5",COMPLETED,VIOLATION,N.Y. POLICE DEPT,BRONX,46,INSIDE,RESIDENCE - APT. HOUSE,,,1010845,249071,40.850285555,-73.903871122,"(40.850285555, -73.903871122)"
363357516,11/24/2016,09:45:00,01/10/2017,12:02:00,01/11/2017,361,OFF. AGNST PUB ORD SENSBLTY &,639,AGGRAVATED HARASSMENT 2,COMPLETED,MISDEMEANOR,N.Y. POLICE DEPT,BRONX,49,INSIDE,RESIDENCE - APT. HOUSE,,,1020746,246675,40.843673874,-73.868096037,"(40.843673874, -73.868096037)"
532688134,11/25/2016,21:00:00,02/26/2017,18:47:00,02/28/2017,578,HARRASSMENT 2,638,"HARASSMENT,SUBD 3,4,5",COMPLETED,VIOLATION,N.Y. POLICE DEPT,BRONX,44,INSIDE,RESIDENCE - APT. HOUSE,,,1003676,242788,40.833059239,-73.929802388,"(40.833059239, -73.929802388)"
742658770,11/25/2016,19:00:00,11/25/2016,19:07:00,01/08/2017,361,OFF. AGNST PUB ORD SENSBLTY &,639,AGGRAVATED HARASSMENT 2,COMPLETED,MISDEMEANOR,N.Y. POLICE DEPT,BRONX,50,INSIDE,RESIDENCE - APT. HOUSE,,,1012883,261315,40.88388522,-73.896452255,"(40.88388522, -73.896452255)"
406845972,11/25/2016,11:40:00,,,01/05/2017,361,OFF. AGNST PUB ORD SENSBLTY &,639,AGGRAVATED HARASSMENT 2,COMPLETED,MISDEMEANOR,N.Y. POLICE DEPT,BRONX,44,INSIDE,RESIDENCE - APT. HOUSE,,,1006466,239225,40.823273246,-73.919732064,"(40.823273246, -73.919732064)"
736552871,11/26/2016,08:00:00,01/27/2017,13:45:00,02/05/2017,361,OFF. AGNST PUB ORD SENSBLTY &,639,AGGRAVATED HARASSMENT 2,COMPLETED,MISDEMEANOR,N.Y. POLICE DEPT,BRONX,44,INSIDE,RESIDENCE - APT. HOUSE,,,1004530,242729,40.832895381,-73.926716496,"(40.832895381, -73.926716496)"
450900684,11/28/2016,20:50:00,11/28/2016,20:55:00,02/01/2017,578,HARRASSMENT 2,638,"HARASSMENT,SUBD 3,4,5",COMPLETED,VIOLATION,N.Y. POLICE DEPT,BRONX,42,INSIDE,CHURCH,,,1009692,240099,40.825663424,-73.908072787,"(40.825663424, -73.908072787)"
457937049,11/28/2016,13:00:00,11/28/2016,13:15:00,01/18/2017,578,HARRASSMENT 2,638,"HARASSMENT,SUBD 3,4,5",COMPLETED,VIOLATION,N.Y. POLICE DEPT,BRONX,42,INSIDE,OTHER,,,1011587,242656,40.832675994,-73.901215237,"(40.832675994, -73.901215237)"
335286288,11/28/2016,13:38:00,,,01/06/2017,361,OFF. AGNST PUB ORD SENSBLTY &,639,AGGRAVATED HARASSMENT 2,COMPLETED,MISDEMEANOR,N.Y. POLICE DEPT,BRONX,52,INSIDE,RESIDENCE - APT. HOUSE,,,1014605,256477,40.870600658,-73.890246693,"(40.870600658, -73.890246693)"
299297468,11/30/2016,10:00:00,03/02/2017,10:00:00,03/06/2017,578,HARRASSMENT 2,638,"HARASSMENT,SUBD 3,4,5",COMPLETED,VIOLATION,N.Y. POLICE DEPT,BRONX,47,INSIDE,PUBLIC SCHOOL,,,1022602,258369,40.875762489,-73.861321103,"(40.875762489, -73.861321103)"
259644870,11/30/2016,17:12:00,01/09/2017,17:12:00,01/09/2017,361,OFF. AGNST PUB ORD SENSBLTY &,639,AGGRAVATED HARASSMENT 2,COMPLETED,MISDEMEANOR,N.Y. POLICE DEPT,BRONX,52,INSIDE,RESIDENCE - APT. HOUSE,,,1017974,257573,40.873596612,-73.878059876,"(40.873596612, -73.878059876)"
965796061,11/30/2016,23:30:00,01/05/2017,10:00:00,01/07/2017,361,OFF. AGNST PUB ORD SENSBLTY &,639,AGGRAVATED HARASSMENT 2,COMPLETED,MISDEMEANOR,N.Y. POLICE DEPT,BRONX,46,INSIDE,RESIDENCE - APT. HOUSE,,,1012120,252873,40.860716972,-73.899246702,"(40.860716972, -73.899246702)"
706001987,12/01/2016,20:00:00,03/01/2017,01:00:00,03/03/2017,578,HARRASSMENT 2,638,"HARASSMENT,SUBD 3,4,5",COMPLETED,VIOLATION,N.Y. POLICE DEPT,BRONX,41,INSIDE,RESIDENCE - APT. HOUSE,,,1012185,236161,40.814847198,-73.89908132,"(40.814847198, -73.89908132)"
101020789,12/01/2016,10:30:00,12/13/2016,13:00:00,01/29/2017,361,OFF. AGNST PUB ORD SENSBLTY &,639,AGGRAVATED HARASSMENT 2,COMPLETED,MISDEMEANOR,N.Y. POLICE DEPT,BRONX,45,INSIDE,RESIDENCE-HOUSE,,,1032710,242219,40.831385917,-73.824887529,"(40.831385917, -73.824887529)"
635991726,12/01/2016,12:00:00,01/26/2017,13:30:00,01/27/2017,351,CRIMINAL MISCHIEF & RELATED OF,259,"CRIMINAL MISCHIEF,UNCLASSIFIED 4",COMPLETED,MISDEMEANOR,N.Y. POLICE DEPT,BRONX,48,INSIDE,COMMERCIAL BUILDING,,,1012280,247935,40.847163133,-73.898688921,"(40.847163133, -73.898688921)"
262106600,12/01/2016,16:47:00,12/31/2016,12:00:00,01/20/2017,361,OFF. AGNST PUB ORD SENSBLTY &,639,AGGRAVATED HARASSMENT 2,COMPLETED,MISDEMEANOR,N.Y. POLICE DEPT,BRONX,50,INSIDE,RESIDENCE - APT. HOUSE,,,1011750,259398,40.878627257,-73.900557535,"(40.878627257, -73.900557535)"
211015188,12/01/2016,13:50:00,01/19/2017,15:20:00,01/19/2017,351,CRIMINAL MISCHIEF & RELATED OF,258,"CRIMINAL MISCHIEF 4TH, GRAFFIT",COMPLETED,MISDEMEANOR,N.Y. POLICE DEPT,BRONX,41,,STREET,,,1013906,236686,40.816282566,-73.892861588,"(40.816282566, -73.892861588)"
669138444,12/01/2016,10:00:00,12/01/2016,10:30:00,01/11/2017,578,HARRASSMENT 2,638,"HARASSMENT,SUBD 3,4,5",COMPLETED,VIOLATION,N.Y. POLICE DEPT,BRONX,43,INSIDE,RESIDENCE - APT. HOUSE,,,1018029,240747,40.827414051,-73.877945775,"(40.827414051, -73.877945775)"
350856544,12/02/2016,21:00:00,,,01/11/2017,361,OFF. AGNST PUB ORD SENSBLTY &,639,AGGRAVATED HARASSMENT 2,COMPLETED,MISDEMEANOR,N.Y. POLICE DEPT,BRONX,44,INSIDE,RESIDENCE - APT. HOUSE,,,1005084,241282,40.828922493,-73.924719025,"(40.828922493, -73.924719025)"
675072737,12/03/2016,12:03:00,02/07/2017,20:00:00,02/08/2017,351,CRIMINAL MISCHIEF & RELATED OF,259,"CRIMINAL MISCHIEF,UNCLASSIFIED 4",COMPLETED,MISDEMEANOR,N.Y. POLICE DEPT,BRONX,46,INSIDE,RESIDENCE - APT. HOUSE,,,1009041,247401,40.845707148,-73.910398033,"(40.845707148, -73.910398033)"
618851208,12/03/2016,15:03:00,01/25/2017,13:45:00,01/25/2017,351,CRIMINAL MISCHIEF & RELATED OF,258,"CRIMINAL MISCHIEF 4TH, GRAFFIT",COMPLETED,MISDEMEANOR,N.Y. POLICE DEPT,BRONX,41,,STREET,,,1015418,235992,40.814372526,-73.887402331,"(40.814372526, -73.887402331)"
157393250,12/03/2016,13:00:00,12/03/2016,13:02:00,01/09/2017,361,OFF. AGNST PUB ORD SENSBLTY &,639,AGGRAVATED HARASSMENT 2,COMPLETED,MISDEMEANOR,N.Y. POLICE DEPT,BRONX,52,INSIDE,RESIDENCE - APT. HOUSE,,,1010834,253341,40.862005457,-73.903893949,"(40.862005457, -73.903893949)"
967424269,12/04/2016,19:45:00,,,01/21/2017,361,OFF. AGNST PUB ORD SENSBLTY &,639,AGGRAVATED HARASSMENT 2,COMPLETED,MISDEMEANOR,N.Y. HOUSING POLICE,BRONX,42,INSIDE,RESIDENCE - PUBLIC HOUSING,,WEBSTER,1009394,242828,40.833154599,-73.909139311,"(40.833154599, -73.909139311)"
510672738,12/04/2016,11:00:00,,,01/11/2017,578,HARRASSMENT 2,637,"HARASSMENT,SUBD 1,CIVILIAN",COMPLETED,VIOLATION,N.Y. POLICE DEPT,BRONX,49,INSIDE,PUBLIC SCHOOL,,,1021488,249393,40.851130878,-73.865399179,"(40.851130878, -73.865399179)"
512262704,12/05/2016,18:13:00,01/03/2017,19:00:00,02/07/2017,361,OFF. AGNST PUB ORD SENSBLTY &,639,AGGRAVATED HARASSMENT 2,COMPLETED,MISDEMEANOR,N.Y. POLICE DEPT,BRONX,50,INSIDE,RESIDENCE - APT. HOUSE,,,1011103,258971,40.877457267,-73.902898889,"(40.877457267, -73.902898889)"
702702079,12/05/2016,12:48:00,,,01/24/2017,578,HARRASSMENT 2,638,"HARASSMENT,SUBD 3,4,5",COMPLETED,VIOLATION,N.Y. POLICE DEPT,BRONX,49,INSIDE,PUBLIC SCHOOL,,,1025467,254991,40.866478011,-73.850982097,"(40.866478011, -73.850982097)"
185284136,12/05/2016,17:30:00,12/05/2016,17:30:00,01/12/2017,578,HARRASSMENT 2,637,"HARASSMENT,SUBD 1,CIVILIAN",COMPLETED,VIOLATION,N.Y. POLICE DEPT,BRONX,44,,STREET,,,1007246,241093,40.828398378,-73.916907419,"(40.828398378, -73.916907419)"
193367538,12/05/2016,07:00:00,01/05/2017,19:30:00,01/05/2017,361,OFF. AGNST PUB ORD SENSBLTY &,639,AGGRAVATED HARASSMENT 2,COMPLETED,MISDEMEANOR,N.Y. HOUSING POLICE,BRONX,43,INSIDE,RESIDENCE - PUBLIC HOUSING,,CASTLE HILL,1025622,237609,40.818768839,-73.850528931,"(40.818768839, -73.850528931)"
896573592,12/06/2016,13:34:00,,,03/07/2017,351,CRIMINAL MISCHIEF & RELATED OF,258,"CRIMINAL MISCHIEF 4TH, GRAFFIT",COMPLETED,MISDEMEANOR,N.Y. POLICE DEPT,BRONX,45,,STREET,,,1027255,244817,40.838544913,-73.844582889,"(40.838544913, -73.844582889)"
447920897,12/06/2016,13:31:00,,,03/07/2017,351,CRIMINAL MISCHIEF & RELATED OF,258,"CRIMINAL MISCHIEF 4TH, GRAFFIT",COMPLETED,MISDEMEANOR,N.Y. POLICE DEPT,BRONX,45,OPPOSITE OF,STREET,,,1027530,245534,40.840511523,-73.843584423,"(40.840511523, -73.843584423)"
602171130,12/06/2016,23:00:00,03/02/2017,15:00:00,03/02/2017,361,OFF. AGNST PUB ORD SENSBLTY &,639,AGGRAVATED HARASSMENT 2,COMPLETED,MISDEMEANOR,N.Y. POLICE DEPT,BRONX,47,INSIDE,RESIDENCE-HOUSE,,,1026323,261252,40.883658466,-73.847847932,"(40.883658466, -73.847847932)"
513417403,12/06/2016,13:30:00,,,02/28/2017,351,CRIMINAL MISCHIEF & RELATED OF,258,"CRIMINAL MISCHIEF 4TH, GRAFFIT",COMPLETED,MISDEMEANOR,N.Y. POLICE DEPT,BRONX,45,,STREET,,,1027433,245548,40.840550424,-73.843934898,"(40.840550424, -73.843934898)"
881633927,12/06/2016,13:30:00,,,02/28/2017,351,CRIMINAL MISCHIEF & RELATED OF,258,"CRIMINAL MISCHIEF 4TH, GRAFFIT",COMPLETED,MISDEMEANOR,N.Y. POLICE DEPT,BRONX,45,,STREET,,,1027433,245548,40.840550424,-73.843934898,"(40.840550424, -73.843934898)"
557611645,12/06/2016,13:29:00,,,02/23/2017,351,CRIMINAL MISCHIEF & RELATED OF,258,"CRIMINAL MISCHIEF 4TH, GRAFFIT",COMPLETED,MISDEMEANOR,N.Y. POLICE DEPT,BRONX,45,,STREET,,,1027183,245791,40.841218606,-73.844836858,"(40.841218606, -73.844836858)"
661331022,12/06/2016,13:28:00,,,02/23/2017,351,CRIMINAL MISCHIEF & RELATED OF,258,"CRIMINAL MISCHIEF 4TH, GRAFFIT",COMPLETED,MISDEMEANOR,N.Y. POLICE DEPT,BRONX,45,,STREET,,,1027183,245791,40.841218606,-73.844836858,"(40.841218606, -73.844836858)"
869922224,12/06/2016,13:24:00,,,02/23/2017,351,CRIMINAL MISCHIEF & RELATED OF,258,"CRIMINAL MISCHIEF 4TH, GRAFFIT",COMPLETED,MISDEMEANOR,N.Y. POLICE DEPT,BRONX,45,,STREET,,,1026318,245650,40.840835765,-73.847963943,"(40.840835765, -73.847963943)"
754752204,12/06/2016,13:15:00,,,02/07/2017,351,CRIMINAL MISCHIEF & RELATED OF,258,"CRIMINAL MISCHIEF 4TH, GRAFFIT",COMPLETED,MISDEMEANOR,N.Y. POLICE DEPT,BRONX,45,,STREET,,,1026034,245931,40.841608376,-73.848988591,"(40.841608376, -73.848988591)"
554370114,12/06/2016,13:08:00,,,02/07/2017,351,CRIMINAL MISCHIEF & RELATED OF,258,"CRIMINAL MISCHIEF 4TH, GRAFFIT",COMPLETED,MISDEMEANOR,N.Y. POLICE DEPT,BRONX,45,FRONT OF,STREET,,,1030880,243577,40.835123081,-73.831490917,"(40.835123081, -73.831490917)"
759602865,12/06/2016,13:07:00,,,02/03/2017,351,CRIMINAL MISCHIEF & RELATED OF,258,"CRIMINAL MISCHIEF 4TH, GRAFFIT",COMPLETED,MISDEMEANOR,N.Y. POLICE DEPT,BRONX,45,FRONT OF,STREET,,,1030880,243577,40.835123081,-73.831490917,"(40.835123081, -73.831490917)"
464574869,12/06/2016,13:07:00,,,02/03/2017,351,CRIMINAL MISCHIEF & RELATED OF,258,"CRIMINAL MISCHIEF 4TH, GRAFFIT",COMPLETED,MISDEMEANOR,N.Y. POLICE DEPT,BRONX,45,FRONT OF,STREET,,,1030880,243577,40.835123081,-73.831490917,"(40.835123081, -73.831490917)"
276986760,12/06/2016,20:00:00,01/29/2017,20:50:00,01/30/2017,361,OFF. AGNST PUB ORD SENSBLTY &,639,AGGRAVATED HARASSMENT 2,COMPLETED,MISDEMEANOR,N.Y. POLICE DEPT,BRONX,48,INSIDE,RESIDENCE - APT. HOUSE,,,1017145,245735,40.841107999,-73.88111552,"(40.841107999, -73.88111552)"
900543785,12/06/2016,10:26:00,12/06/2016,10:30:00,01/08/2017,578,HARRASSMENT 2,638,"HARASSMENT,SUBD 3,4,5",COMPLETED,VIOLATION,N.Y. POLICE DEPT,BRONX,43,INSIDE,RESIDENCE - APT. HOUSE,,,1023600,246073,40.842009305,-73.857784537,"(40.842009305, -73.857784537)"
857935063,12/06/2016,11:00:00,01/05/2017,11:40:00,01/05/2017,578,HARRASSMENT 2,638,"HARASSMENT,SUBD 3,4,5",COMPLETED,VIOLATION,N.Y. POLICE DEPT,BRONX,45,INSIDE,RESIDENCE - APT. HOUSE,,,1032140,242004,40.830798914,-73.826948796,"(40.830798914, -73.826948796)"
811356550,12/08/2016,20:00:00,02/14/2017,22:00:00,02/16/2017,361,OFF. AGNST PUB ORD SENSBLTY &,639,AGGRAVATED HARASSMENT 2,COMPLETED,MISDEMEANOR,N.Y. HOUSING POLICE,BRONX,40,FRONT OF,RESIDENCE - PUBLIC HOUSING,,BETANCES I,1007217,234877,40.81133729,-73.91703348,"(40.81133729, -73.91703348)"
847158020,12/08/2016,17:00:00,12/08/2016,17:00:00,01/12/2017,361,OFF. AGNST PUB ORD SENSBLTY &,639,AGGRAVATED HARASSMENT 2,COMPLETED,MISDEMEANOR,N.Y. POLICE DEPT,BRONX,52,INSIDE,RESIDENCE - APT. HOUSE,,,1013296,256323,40.87018238,-73.894980315,"(40.87018238, -73.894980315)"
909451800,12/08/2016,15:30:00,01/10/2017,14:30:00,01/10/2017,578,HARRASSMENT 2,638,"HARASSMENT,SUBD 3,4,5",COMPLETED,VIOLATION,N.Y. POLICE DEPT,BRONX,48,INSIDE,RESIDENCE - APT. HOUSE,,,1013695,250702,40.854753119,-73.893562353,"(40.854753119, -73.893562353)"
343776942,12/10/2016,08:00:00,12/10/2016,12:10:00,03/16/2017,578,HARRASSMENT 2,637,"HARASSMENT,SUBD 1,CIVILIAN",COMPLETED,VIOLATION,N.Y. POLICE DEPT,BRONX,41,INSIDE,RESIDENCE - APT. HOUSE,,,1013080,240805,40.827590785,-73.895828025,"(40.827590785, -73.895828025)"
225929978,12/10/2016,16:50:00,,,03/02/2017,578,HARRASSMENT 2,638,"HARASSMENT,SUBD 3,4,5",COMPLETED,VIOLATION,N.Y. POLICE DEPT,BRONX,43,INSIDE,OTHER,,,1021678,237667,40.818945624,-73.864777825,"(40.818945624, -73.864777825)"
738011589,12/10/2016,01:41:00,,,01/27/2017,578,HARRASSMENT 2,638,"HARASSMENT,SUBD 3,4,5",COMPLETED,VIOLATION,N.Y. POLICE DEPT,BRONX,43,INSIDE,RESIDENCE - APT. HOUSE,,,1018606,239401,40.823717441,-73.875867762,"(40.823717441, -73.875867762)"
940301551,12/10/2016,12:54:00,12/16/2016,13:00:00,01/04/2017,578,HARRASSMENT 2,638,"HARASSMENT,SUBD 3,4,5",COMPLETED,VIOLATION,N.Y. HOUSING POLICE,BRONX,43,INSIDE,RESIDENCE - PUBLIC HOUSING,,,1019909,240294,40.826163307,-73.871155076,"(40.826163307, -73.871155076)"
410645385,12/11/2016,12:00:00,,,01/11/2017,361,OFF. AGNST PUB ORD SENSBLTY &,639,AGGRAVATED HARASSMENT 2,COMPLETED,MISDEMEANOR,N.Y. POLICE DEPT,BRONX,43,INSIDE,RESIDENCE-HOUSE,,,1025663,238897,40.822303839,-73.850372854,"(40.822303839, -73.850372854)"
592404063,12/12/2016,15:00:00,12/12/2016,15:08:00,01/25/2017,351,CRIMINAL MISCHIEF & RELATED OF,258,"CRIMINAL MISCHIEF 4TH, GRAFFIT",COMPLETED,MISDEMEANOR,N.Y. TRANSIT POLICE,BRONX,45,,TRANSIT - NYC SUBWAY,,,1029380,246584,40.843384201,-73.83689134,"(40.843384201, -73.83689134)"
515070623,12/12/2016,12:00:00,,,01/12/2017,351,CRIMINAL MISCHIEF & RELATED OF,254,"MISCHIEF, CRIMINAL 4, OF MOTOR",COMPLETED,MISDEMEANOR,N.Y. POLICE DEPT,BRONX,44,INSIDE,PARKING LOT/GARAGE (PRIVATE),,,1006524,244594,40.838009462,-73.919504676,"(40.838009462, -73.919504676)"
783620244,12/12/2016,23:34:00,01/04/2017,00:00:00,01/05/2017,361,OFF. AGNST PUB ORD SENSBLTY &,639,AGGRAVATED HARASSMENT 2,COMPLETED,MISDEMEANOR,N.Y. POLICE DEPT,BRONX,45,INSIDE,RESIDENCE-HOUSE,,,1034112,244033,40.836357011,-73.819807824,"(40.836357011, -73.819807824)"
331078967,12/13/2016,14:00:00,03/06/2017,18:30:00,03/07/2017,578,HARRASSMENT 2,638,"HARASSMENT,SUBD 3,4,5",COMPLETED,VIOLATION,N.Y. POLICE DEPT,BRONX,44,INSIDE,RESIDENCE - APT. HOUSE,,,1005483,244497,40.837745789,-73.923267088,"(40.837745789, -73.923267088)"
940130635,12/13/2016,12:00:00,01/19/2017,18:00:00,02/16/2017,361,OFF. AGNST PUB ORD SENSBLTY &,639,AGGRAVATED HARASSMENT 2,COMPLETED,MISDEMEANOR,N.Y. POLICE DEPT,BRONX,43,INSIDE,PUBLIC SCHOOL,,,1023130,239141,40.822985062,-73.859523363,"(40.822985062, -73.859523363)"
392187830,12/13/2016,14:38:00,12/13/2016,14:50:00,01/09/2017,351,CRIMINAL MISCHIEF & RELATED OF,256,"MISCHIEF, CRIMINAL 4, BY FIRE",COMPLETED,MISDEMEANOR,N.Y. POLICE DEPT,BRONX,40,INSIDE,PUBLIC SCHOOL,,,1010281,237614,40.818841089,-73.905954215,"(40.818841089, -73.905954215)"
541711080,12/14/2016,21:48:00,,,02/01/2017,361,OFF. AGNST PUB ORD SENSBLTY &,639,AGGRAVATED HARASSMENT 2,COMPLETED,MISDEMEANOR,N.Y. HOUSING POLICE,BRONX,42,INSIDE,RESIDENCE - PUBLIC HOUSING,,CLAREMONT PARKWAY-FRANKLIN AVENUE,1011847,244280,40.837132594,-73.90026901,"(40.837132594, -73.90026901)"
943990954,12/14/2016,07:00:00,01/14/2017,10:20:00,01/14/2017,578,HARRASSMENT 2,638,"HARASSMENT,SUBD 3,4,5",COMPLETED,VIOLATION,N.Y. POLICE DEPT,BRONX,48,INSIDE,RESIDENCE - APT. HOUSE,,,1013667,246291,40.842646326,-73.893682921,"(40.842646326, -73.893682921)"
342687020,12/16/2016,19:10:00,12/16/2016,20:15:00,01/14/2017,351,CRIMINAL MISCHIEF & RELATED OF,256,"MISCHIEF, CRIMINAL 4, BY FIRE",COMPLETED,MISDEMEANOR,N.Y. POLICE DEPT,BRONX,46,INSIDE,RESIDENCE - APT. HOUSE,,,1006826,250651,40.854633375,-73.918392876,"(40.854633375, -73.918392876)"
587639943,12/16/2016,16:15:00,01/14/2017,00:27:00,01/14/2017,361,OFF. AGNST PUB ORD SENSBLTY &,639,AGGRAVATED HARASSMENT 2,COMPLETED,MISDEMEANOR,N.Y. HOUSING POLICE,BRONX,40,INSIDE,RESIDENCE - PUBLIC HOUSING,,MITCHEL,1004904,234287,40.809723613,-73.925390972,"(40.809723613, -73.925390972)"
314148417,12/16/2016,11:00:00,,,01/05/2017,578,HARRASSMENT 2,637,"HARASSMENT,SUBD 1,CIVILIAN",ATTEMPTED,VIOLATION,N.Y. POLICE DEPT,BRONX,43,INSIDE,PUBLIC SCHOOL,,,1017906,242176,40.831336714,-73.878383049,"(40.831336714, -73.878383049)"
308246614,12/17/2016,09:00:00,02/09/2017,17:00:00,02/26/2017,578,HARRASSMENT 2,638,"HARASSMENT,SUBD 3,4,5",COMPLETED,VIOLATION,N.Y. POLICE DEPT,BRONX,49,FRONT OF,RESIDENCE-HOUSE,,,1024274,247346,40.845500285,-73.855341005,"(40.845500285, -73.855341005)"
432111889,12/17/2016,12:30:00,,,01/16/2017,361,OFF. AGNST PUB ORD SENSBLTY &,639,AGGRAVATED HARASSMENT 2,COMPLETED,MISDEMEANOR,N.Y. POLICE DEPT,BRONX,40,INSIDE,RESIDENCE - APT. HOUSE,,,1006853,233369,40.807199186,-73.918353502,"(40.807199186, -73.918353502)"
723907091,12/17/2016,16:37:00,01/10/2017,17:16:00,01/14/2017,578,HARRASSMENT 2,638,"HARASSMENT,SUBD 3,4,5",COMPLETED,VIOLATION,N.Y. POLICE DEPT,BRONX,44,INSIDE,RESIDENCE - APT. HOUSE,,,1004558,242125,40.831237511,-73.926617142,"(40.831237511, -73.926617142)"
717393032,12/18/2016,02:10:00,12/18/2016,02:10:00,01/26/2017,126,MISCELLANEOUS PENAL LAW,640,AGGRAVATED HARASSMENT 1,COMPLETED,FELONY,DEPT OF CORRECTIONS,BRONX,41,INSIDE,OTHER,,,1016268,227533,40.791151867,-73.884371919,"(40.791151867, -73.884371919)"
618343000,12/18/2016,00:00:00,01/18/2017,14:35:00,01/18/2017,361,OFF. AGNST PUB ORD SENSBLTY &,639,AGGRAVATED HARASSMENT 2,COMPLETED,MISDEMEANOR,N.Y. POLICE DEPT,BRONX,49,INSIDE,RESIDENCE - APT. HOUSE,,,1021901,250217,40.853390759,-73.863901703,"(40.853390759, -73.863901703)"
668058212,12/19/2016,09:30:00,03/01/2017,14:30:00,03/10/2017,361,OFF. AGNST PUB ORD SENSBLTY &,639,AGGRAVATED HARASSMENT 2,COMPLETED,MISDEMEANOR,N.Y. POLICE DEPT,BRONX,40,INSIDE,RESIDENCE - APT. HOUSE,,,1007508,233006,40.806201152,-73.915988729,"(40.806201152, -73.915988729)"
413083510,12/19/2016,11:38:00,,,02/07/2017,351,CRIMINAL MISCHIEF & RELATED OF,259,"CRIMINAL MISCHIEF,UNCLASSIFIED 4",COMPLETED,MISDEMEANOR,N.Y. POLICE DEPT,BRONX,43,INSIDE,RESIDENCE-HOUSE,,,1020948,237938,40.819692504,-73.867413756,"(40.819692504, -73.867413756)"
966202420,12/19/2016,20:00:00,12/19/2016,20:47:00,01/12/2017,578,HARRASSMENT 2,638,"HARASSMENT,SUBD 3,4,5",COMPLETED,VIOLATION,N.Y. POLICE DEPT,BRONX,45,INSIDE,RESIDENCE-HOUSE,,,1032105,236370,40.815335397,-73.82711545,"(40.815335397, -73.82711545)"
896864481,12/19/2016,08:36:00,01/08/2017,14:21:00,01/08/2017,361,OFF. AGNST PUB ORD SENSBLTY &,639,AGGRAVATED HARASSMENT 2,COMPLETED,MISDEMEANOR,N.Y. POLICE DEPT,BRONX,43,INSIDE,RESIDENCE - APT. HOUSE,,,1023600,246073,40.842009305,-73.857784537,"(40.842009305, -73.857784537)"
108859942,12/19/2016,13:00:00,12/19/2016,13:10:00,01/03/2017,578,HARRASSMENT 2,638,"HARASSMENT,SUBD 3,4,5",COMPLETED,VIOLATION,N.Y. POLICE DEPT,BRONX,52,INSIDE,PUBLIC SCHOOL,,,1017701,256234,40.869922509,-73.879053693,"(40.869922509, -73.879053693)"
423348396,12/19/2016,20:47:00,,,01/02/2017,578,HARRASSMENT 2,637,"HARASSMENT,SUBD 1,CIVILIAN",COMPLETED,VIOLATION,N.Y. POLICE DEPT,BRONX,45,INSIDE,RESIDENCE-HOUSE,,,1032105,236370,40.815335397,-73.82711545,"(40.815335397, -73.82711545)"
590728141,12/20/2016,11:55:00,,,02/02/2017,578,HARRASSMENT 2,637,"HARASSMENT,SUBD 1,CIVILIAN",COMPLETED,VIOLATION,N.Y. POLICE DEPT,BRONX,46,INSIDE,PUBLIC SCHOOL,,,1008224,250621,40.854547349,-73.913339444,"(40.854547349, -73.913339444)"
910627126,12/20/2016,01:00:00,01/24/2017,08:00:00,01/27/2017,361,OFF. AGNST PUB ORD SENSBLTY &,639,AGGRAVATED HARASSMENT 2,COMPLETED,MISDEMEANOR,N.Y. POLICE DEPT,BRONX,52,INSIDE,RESIDENCE - APT. HOUSE,,,1017495,261044,40.883125242,-73.879774651,"(40.883125242, -73.879774651)"
452270460,12/20/2016,11:20:00,,,01/25/2017,578,HARRASSMENT 2,638,"HARASSMENT,SUBD 3,4,5",COMPLETED,VIOLATION,N.Y. POLICE DEPT,BRONX,45,INSIDE,PUBLIC SCHOOL,,,1029003,245581,40.840633182,-73.838260594,"(40.840633182, -73.838260594)"
322832035,12/20/2016,15:00:00,12/22/2016,17:00:00,01/12/2017,361,OFF. AGNST PUB ORD SENSBLTY &,639,AGGRAVATED HARASSMENT 2,COMPLETED,MISDEMEANOR,N.Y. POLICE DEPT,BRONX,47,INSIDE,RESIDENCE - APT. HOUSE,,,1022163,258767,40.876856772,-73.862906267,"(40.876856772, -73.862906267)"
455982060,12/20/2016,10:30:00,01/08/2017,09:48:00,01/08/2017,361,OFF. AGNST PUB ORD SENSBLTY &,639,AGGRAVATED HARASSMENT 2,COMPLETED,MISDEMEANOR,N.Y. POLICE DEPT,BRONX,42,INSIDE,RESIDENCE - APT. HOUSE,,,1009231,240290,40.826188981,-73.909737789,"(40.826188981, -73.909737789)"
603480025,12/20/2016,09:00:00,01/04/2017,12:00:00,01/05/2017,121,CRIMINAL MISCHIEF & RELATED OF,269,"MISCHIEF,CRIMINAL,    UNCL 2ND",COMPLETED,FELONY,N.Y. POLICE DEPT,BRONX,49,INSIDE,RESIDENCE - APT. HOUSE,,,1021438,252793,40.860463064,-73.865561049,"(40.860463064, -73.865561049)"
164359015,12/20/2016,11:30:00,01/04/2017,10:30:00,01/04/2017,361,OFF. AGNST PUB ORD SENSBLTY &,639,AGGRAVATED HARASSMENT 2,COMPLETED,MISDEMEANOR,N.Y. POLICE DEPT,BRONX,44,INSIDE,RESIDENCE - APT. HOUSE,,,1009025,245869,40.841502303,-73.910461522,"(40.841502303, -73.910461522)"
797902310,12/21/2016,15:09:00,03/06/2017,21:00:00,03/08/2017,361,OFF. AGNST PUB ORD SENSBLTY &,639,AGGRAVATED HARASSMENT 2,COMPLETED,MISDEMEANOR,N.Y. POLICE DEPT,BRONX,45,INSIDE,RESIDENCE - APT. HOUSE,,,1031195,256988,40.871930554,-73.830258669,"(40.871930554, -73.830258669)"
433612407,12/21/2016,14:19:00,01/11/2017,21:55:00,01/20/2017,361,OFF. AGNST PUB ORD SENSBLTY &,639,AGGRAVATED HARASSMENT 2,COMPLETED,MISDEMEANOR,N.Y. POLICE DEPT,BRONX,50,INSIDE,RESIDENCE - APT. HOUSE,,,1013895,261658,40.884823306,-73.892790915,"(40.884823306, -73.892790915)"
408178741,12/21/2016,18:00:00,,,01/19/2017,361,OFF. AGNST PUB ORD SENSBLTY &,639,AGGRAVATED HARASSMENT 2,COMPLETED,MISDEMEANOR,N.Y. POLICE DEPT,BRONX,44,FRONT OF,STREET,,,1007885,246406,40.842979335,-73.914579729,"(40.842979335, -73.914579729)"
179464468,12/21/2016,23:30:00,,,01/17/2017,121,CRIMINAL MISCHIEF & RELATED OF,267,"MISCHIEF, CRIMINAL 3 & 2, OF M",COMPLETED,FELONY,N.Y. POLICE DEPT,BRONX,46,OPPOSITE OF,STREET,,,1009476,249778,40.852230076,-73.908816848,"(40.852230076, -73.908816848)"
405948987,12/21/2016,11:30:00,12/21/2016,11:45:00,01/13/2017,578,HARRASSMENT 2,637,"HARASSMENT,SUBD 1,CIVILIAN",COMPLETED,VIOLATION,N.Y. POLICE DEPT,BRONX,42,OPPOSITE OF,PARKING LOT/GARAGE (PUBLIC),,,1014600,243849,40.835940593,-73.890321938,"(40.835940593, -73.890321938)"
335772464,12/21/2016,16:30:00,,,01/05/2017,121,CRIMINAL MISCHIEF & RELATED OF,267,"MISCHIEF, CRIMINAL 3 & 2, OF M",COMPLETED,FELONY,N.Y. POLICE DEPT,BRONX,44,,STREET,,,1006071,240366,40.826405951,-73.92115554,"(40.826405951, -73.92115554)"
963111658,12/21/2016,15:00:00,,,01/05/2017,361,OFF. AGNST PUB ORD SENSBLTY &,639,AGGRAVATED HARASSMENT 2,COMPLETED,MISDEMEANOR,N.Y. POLICE DEPT,BRONX,44,INSIDE,RESIDENCE - APT. HOUSE,,,1004530,242729,40.832895381,-73.926716496,"(40.832895381, -73.926716496)"
669232503,12/21/2016,15:30:00,,,01/04/2017,361,OFF. AGNST PUB ORD SENSBLTY &,639,AGGRAVATED HARASSMENT 2,COMPLETED,MISDEMEANOR,N.Y. POLICE DEPT,BRONX,43,FRONT OF,STREET,,,1024456,246174,40.842282665,-73.854690223,"(40.842282665, -73.854690223)"
356769239,12/22/2016,23:15:00,,,03/10/2017,351,CRIMINAL MISCHIEF & RELATED OF,254,"MISCHIEF, CRIMINAL 4, OF MOTOR",COMPLETED,MISDEMEANOR,N.Y. POLICE DEPT,BRONX,44,FRONT OF,STREET,,,1005997,245969,40.841784749,-73.92140476,"(40.841784749, -73.92140476)"
472467723,12/22/2016,21:30:00,12/22/2016,21:40:00,01/22/2017,361,OFF. AGNST PUB ORD SENSBLTY &,639,AGGRAVATED HARASSMENT 2,COMPLETED,MISDEMEANOR,N.Y. POLICE DEPT,BRONX,42,INSIDE,RESIDENCE - APT. HOUSE,,,1011568,238869,40.822281823,-73.901299316,"(40.822281823, -73.901299316)"
117693887,12/22/2016,12:00:00,12/22/2016,20:00:00,01/18/2017,351,CRIMINAL MISCHIEF & RELATED OF,254,"MISCHIEF, CRIMINAL 4, OF MOTOR",COMPLETED,MISDEMEANOR,N.Y. POLICE DEPT,BRONX,43,FRONT OF,RESIDENCE - APT. HOUSE,,,1022364,239004,40.822612375,-73.862291786,"(40.822612375, -73.862291786)"
728964186,12/22/2016,20:00:00,12/22/2016,20:15:00,01/16/2017,126,MISCELLANEOUS PENAL LAW,640,AGGRAVATED HARASSMENT 1,COMPLETED,FELONY,N.Y. POLICE DEPT,BRONX,42,INSIDE,PUBLIC BUILDING,,,1008691,238872,40.822298485,-73.911694131,"(40.822298485, -73.911694131)"
546239726,12/22/2016,06:30:00,,,01/01/2017,351,CRIMINAL MISCHIEF & RELATED OF,254,"MISCHIEF, CRIMINAL 4, OF MOTOR",COMPLETED,MISDEMEANOR,N.Y. POLICE DEPT,BRONX,43,FRONT OF,STREET,,,1020218,244362,40.837327534,-73.87001676,"(40.837327534, -73.87001676)"
860653150,12/23/2016,16:30:00,12/23/2016,16:45:00,01/25/2017,578,HARRASSMENT 2,637,"HARASSMENT,SUBD 1,CIVILIAN",COMPLETED,VIOLATION,N.Y. POLICE DEPT,BRONX,46,INSIDE,RESIDENCE-HOUSE,,,1007868,249949,40.852703869,-73.914628691,"(40.852703869, -73.914628691)"
425035312,12/23/2016,13:59:00,,,01/20/2017,361,OFF. AGNST PUB ORD SENSBLTY &,639,AGGRAVATED HARASSMENT 2,COMPLETED,MISDEMEANOR,N.Y. POLICE DEPT,BRONX,49,INSIDE,RESIDENCE - APT. HOUSE,,,1021013,252811,40.860514249,-73.86709739,"(40.860514249, -73.86709739)"
262843793,12/23/2016,15:15:00,12/23/2016,15:30:00,01/03/2017,578,HARRASSMENT 2,638,"HARASSMENT,SUBD 3,4,5",COMPLETED,VIOLATION,N.Y. POLICE DEPT,BRONX,45,INSIDE,PUBLIC SCHOOL,,,1031330,247469,40.845803081,-73.829837399,"(40.845803081, -73.829837399)"
385107813,12/23/2016,15:15:00,12/23/2016,15:30:00,01/03/2017,578,HARRASSMENT 2,638,"HARASSMENT,SUBD 3,4,5",COMPLETED,VIOLATION,N.Y. POLICE DEPT,BRONX,45,INSIDE,PUBLIC SCHOOL,,,1031330,247469,40.845803081,-73.829837399,"(40.845803081, -73.829837399)"
593508690,12/23/2016,06:00:00,01/02/2017,14:50:00,01/02/2017,361,OFF. AGNST PUB ORD SENSBLTY &,639,AGGRAVATED HARASSMENT 2,COMPLETED,MISDEMEANOR,N.Y. POLICE DEPT,BRONX,48,INSIDE,RESIDENCE - APT. HOUSE,,,1016309,247659,40.846391886,-73.88412771,"(40.846391886, -73.88412771)"
301080475,12/23/2016,18:00:00,01/01/2017,19:00:00,01/01/2017,351,CRIMINAL MISCHIEF & RELATED OF,259,"CRIMINAL MISCHIEF,UNCLASSIFIED 4",COMPLETED,MISDEMEANOR,N.Y. POLICE DEPT,BRONX,40,OPPOSITE OF,STREET,,,1006022,238221,40.820518656,-73.921339551,"(40.820518656, -73.921339551)"
428458529,12/24/2016,07:20:00,12/24/2016,07:30:00,01/22/2017,361,OFF. AGNST PUB ORD SENSBLTY &,639,AGGRAVATED HARASSMENT 2,COMPLETED,MISDEMEANOR,N.Y. POLICE DEPT,BRONX,42,INSIDE,RESIDENCE - APT. HOUSE,,,1008015,239860,40.825012109,-73.914133073,"(40.825012109, -73.914133073)"
908453009,12/24/2016,17:05:00,12/24/2016,17:10:00,01/09/2017,351,CRIMINAL MISCHIEF & RELATED OF,259,"CRIMINAL MISCHIEF,UNCLASSIFIED 4",COMPLETED,MISDEMEANOR,N.Y. POLICE DEPT,BRONX,41,INSIDE,RESIDENCE - APT. HOUSE,,,1014604,238800,40.822082527,-73.890330326,"(40.822082527, -73.890330326)"
541947984,12/24/2016,14:08:00,12/24/2016,16:05:00,01/05/2017,578,HARRASSMENT 2,638,"HARASSMENT,SUBD 3,4,5",COMPLETED,VIOLATION,N.Y. HOUSING POLICE,BRONX,49,INSIDE,RESIDENCE - PUBLIC HOUSING,,PARKSIDE,1020230,256151,40.869684753,-73.869910123,"(40.869684753, -73.869910123)"
264282580,12/24/2016,08:20:00,,,01/05/2017,351,CRIMINAL MISCHIEF & RELATED OF,259,"CRIMINAL MISCHIEF,UNCLASSIFIED 4",COMPLETED,MISDEMEANOR,N.Y. HOUSING POLICE,BRONX,44,FRONT OF,RESIDENCE - PUBLIC HOUSING,,,1007174,239543,40.824144257,-73.917172879,"(40.824144257, -73.917172879)"
817573047,12/25/2016,11:35:00,,,02/08/2017,361,OFF. AGNST PUB ORD SENSBLTY &,639,AGGRAVATED HARASSMENT 2,COMPLETED,MISDEMEANOR,N.Y. POLICE DEPT,BRONX,49,INSIDE,RESIDENCE-HOUSE,,,1024471,249049,40.850173616,-73.854618766,"(40.850173616, -73.854618766)"
852364942,12/25/2016,12:00:00,,,01/18/2017,361,OFF. AGNST PUB ORD SENSBLTY &,639,AGGRAVATED HARASSMENT 2,COMPLETED,MISDEMEANOR,N.Y. POLICE DEPT,BRONX,43,INSIDE,RESIDENCE - APT. HOUSE,,,1021490,236442,40.81558414,-73.865463846,"(40.81558414, -73.865463846)"
304229599,12/25/2016,16:42:00,12/25/2016,16:55:00,01/08/2017,578,HARRASSMENT 2,638,"HARASSMENT,SUBD 3,4,5",COMPLETED,VIOLATION,N.Y. POLICE DEPT,BRONX,50,FRONT OF,STREET,,,1009297,258482,40.876120424,-73.909431351,"(40.876120424, -73.909431351)"
576562886,12/25/2016,06:00:00,,,01/04/2017,578,HARRASSMENT 2,638,"HARASSMENT,SUBD 3,4,5",COMPLETED,VIOLATION,N.Y. POLICE DEPT,BRONX,47,INSIDE,RESIDENCE-HOUSE,,,1026710,257490,40.873331103,-73.846472226,"(40.873331103, -73.846472226)"
786581751,12/25/2016,20:00:00,01/03/2017,09:00:00,01/03/2017,351,CRIMINAL MISCHIEF & RELATED OF,254,"MISCHIEF, CRIMINAL 4, OF MOTOR",COMPLETED,MISDEMEANOR,N.Y. POLICE DEPT,BRONX,47,OPPOSITE OF,STREET,,,1025486,269659,40.906736927,-73.850823093,"(40.906736927, -73.850823093)"
812740340,12/26/2016,09:30:00,12/26/2016,16:00:00,01/14/2017,578,HARRASSMENT 2,638,"HARASSMENT,SUBD 3,4,5",COMPLETED,VIOLATION,N.Y. POLICE DEPT,BRONX,48,INSIDE,SOCIAL CLUB/POLICY,,,1013343,247698,40.8465092,-73.894847813,"(40.8465092, -73.894847813)"
976477391,12/26/2016,18:00:00,12/26/2016,18:00:00,01/04/2017,578,HARRASSMENT 2,638,"HARASSMENT,SUBD 3,4,5",COMPLETED,VIOLATION,N.Y. HOUSING POLICE,BRONX,48,INSIDE,RESIDENCE - PUBLIC HOUSING,,,1017483,245763,40.841183585,-73.879893816,"(40.841183585, -73.879893816)"
749701691,12/27/2016,11:30:00,12/27/2016,11:40:00,03/01/2017,351,CRIMINAL MISCHIEF & RELATED OF,259,"CRIMINAL MISCHIEF,UNCLASSIFIED 4",COMPLETED,MISDEMEANOR,N.Y. POLICE DEPT,BRONX,52,INSIDE,COMMERCIAL BUILDING,,,1015011,253957,40.863682624,-73.888790284,"(40.863682624, -73.888790284)"
909954610,12/27/2016,20:00:00,02/25/2017,22:00:00,02/27/2017,361,OFF. AGNST PUB ORD SENSBLTY &,639,AGGRAVATED HARASSMENT 2,COMPLETED,MISDEMEANOR,N.Y. POLICE DEPT,BRONX,43,,STREET,,,1020336,238850,40.822198206,-73.869619968,"(40.822198206, -73.869619968)"
828331905,12/27/2016,22:30:00,01/17/2017,22:35:00,01/18/2017,361,OFF. AGNST PUB ORD SENSBLTY &,639,AGGRAVATED HARASSMENT 2,COMPLETED,MISDEMEANOR,N.Y. POLICE DEPT,BRONX,42,INSIDE,RESIDENCE-HOUSE,,,1014875,244467,40.837635873,-73.889325316,"(40.837635873, -73.889325316)"
543900509,12/27/2016,08:00:00,12/27/2016,09:00:00,01/12/2017,578,HARRASSMENT 2,638,"HARASSMENT,SUBD 3,4,5",COMPLETED,VIOLATION,N.Y. POLICE DEPT,BRONX,47,INSIDE,RESIDENCE - APT. HOUSE,,,1026412,258211,40.875311451,-73.847545211,"(40.875311451, -73.847545211)"
694034912,12/27/2016,22:18:00,,,01/10/2017,351,CRIMINAL MISCHIEF & RELATED OF,258,"CRIMINAL MISCHIEF 4TH, GRAFFIT",COMPLETED,MISDEMEANOR,N.Y. POLICE DEPT,BRONX,45,,STREET,,,1029820,241053,40.82820097,-73.835338659,"(40.82820097, -73.835338659)"
909616062,12/27/2016,22:15:00,,,01/10/2017,351,CRIMINAL MISCHIEF & RELATED OF,258,"CRIMINAL MISCHIEF 4TH, GRAFFIT",COMPLETED,MISDEMEANOR,N.Y. POLICE DEPT,BRONX,45,,STREET,,,1032091,241976,40.830722328,-73.827126059,"(40.830722328, -73.827126059)"
255449403,12/27/2016,22:15:00,,,01/07/2017,351,CRIMINAL MISCHIEF & RELATED OF,258,"CRIMINAL MISCHIEF 4TH, GRAFFIT",COMPLETED,MISDEMEANOR,N.Y. POLICE DEPT,BRONX,45,,STREET,,,1032091,241976,40.830722328,-73.827126059,"(40.830722328, -73.827126059)"
741735752,12/27/2016,18:00:00,12/27/2016,19:00:00,01/05/2017,578,HARRASSMENT 2,638,"HARASSMENT,SUBD 3,4,5",COMPLETED,VIOLATION,N.Y. POLICE DEPT,BRONX,46,INSIDE,RESIDENCE - APT. HOUSE,,,1012531,251809,40.857795307,-73.897765359,"(40.857795307, -73.897765359)"
494123698,12/28/2016,08:00:00,03/20/2017,10:00:00,03/20/2017,361,OFF. AGNST PUB ORD SENSBLTY &,639,AGGRAVATED HARASSMENT 2,COMPLETED,MISDEMEANOR,N.Y. POLICE DEPT,BRONX,52,INSIDE,RESIDENCE - APT. HOUSE,,,1012844,255037,40.86665418,-73.89662009,"(40.86665418, -73.89662009)"
389671787,12/28/2016,00:00:00,02/21/2017,06:00:00,02/22/2017,361,OFF. AGNST PUB ORD SENSBLTY &,639,AGGRAVATED HARASSMENT 2,COMPLETED,MISDEMEANOR,N.Y. POLICE DEPT,BRONX,42,FRONT OF,RESIDENCE - APT. HOUSE,,,1010207,241776,40.830264811,-73.906205469,"(40.830264811, -73.906205469)"
642562633,12/28/2016,11:50:00,12/28/2016,12:45:00,01/10/2017,578,HARRASSMENT 2,638,"HARASSMENT,SUBD 3,4,5",COMPLETED,VIOLATION,N.Y. POLICE DEPT,BRONX,44,INSIDE,DEPARTMENT STORE,,,1006539,244510,40.837778868,-73.919450746,"(40.837778868, -73.919450746)"
395253847,12/28/2016,18:30:00,12/28/2016,18:35:00,01/09/2017,361,OFF. AGNST PUB ORD SENSBLTY &,639,AGGRAVATED HARASSMENT 2,COMPLETED,MISDEMEANOR,N.Y. POLICE DEPT,BRONX,44,FRONT OF,STREET,,,1006195,240322,40.826284877,-73.920707634,"(40.826284877, -73.920707634)"
584536488,12/28/2016,23:14:00,12/28/2016,23:16:00,01/06/2017,361,OFF. AGNST PUB ORD SENSBLTY &,639,AGGRAVATED HARASSMENT 2,COMPLETED,MISDEMEANOR,N.Y. POLICE DEPT,BRONX,52,INSIDE,RESIDENCE - APT. HOUSE,,,1019583,259726,40.879499633,-73.872230597,"(40.879499633, -73.872230597)"
496722087,12/28/2016,16:00:00,,,01/03/2017,361,OFF. AGNST PUB ORD SENSBLTY &,639,AGGRAVATED HARASSMENT 2,COMPLETED,MISDEMEANOR,N.Y. HOUSING POLICE,BRONX,45,INSIDE,RESIDENCE - PUBLIC HOUSING,,THROGGS NECK,1032930,239207,40.823117641,-73.824114397,"(40.823117641, -73.824114397)"
256456980,12/29/2016,04:00:00,02/13/2017,20:37:00,02/22/2017,578,HARRASSMENT 2,637,"HARASSMENT,SUBD 1,CIVILIAN",COMPLETED,VIOLATION,N.Y. POLICE DEPT,BRONX,46,INSIDE,RESTAURANT/DINER,,,1011263,251973,40.858249408,-73.902348526,"(40.858249408, -73.902348526)"
181742718,12/29/2016,22:00:00,,,01/12/2017,351,CRIMINAL MISCHIEF & RELATED OF,254,"MISCHIEF, CRIMINAL 4, OF MOTOR",COMPLETED,MISDEMEANOR,N.Y. POLICE DEPT,BRONX,52,,STREET,,,1009562,254560,40.865354981,-73.908487926,"(40.865354981, -73.908487926)"
278692084,12/29/2016,07:00:00,12/29/2016,07:15:00,01/12/2017,351,CRIMINAL MISCHIEF & RELATED OF,259,"CRIMINAL MISCHIEF,UNCLASSIFIED 4",COMPLETED,MISDEMEANOR,N.Y. HOUSING POLICE,BRONX,40,INSIDE,RESIDENCE - PUBLIC HOUSING,,,1004960,234094,40.809193751,-73.925189274,"(40.809193751, -73.925189274)"
925442882,12/29/2016,06:50:00,12/29/2016,07:00:00,01/12/2017,351,CRIMINAL MISCHIEF & RELATED OF,259,"CRIMINAL MISCHIEF,UNCLASSIFIED 4",COMPLETED,MISDEMEANOR,N.Y. HOUSING POLICE,BRONX,40,INSIDE,RESIDENCE - PUBLIC HOUSING,,,1004960,234094,40.809193751,-73.925189274,"(40.809193751, -73.925189274)"
792430970,12/29/2016,05:55:00,12/29/2016,06:50:00,01/12/2017,351,CRIMINAL MISCHIEF & RELATED OF,259,"CRIMINAL MISCHIEF,UNCLASSIFIED 4",COMPLETED,MISDEMEANOR,N.Y. HOUSING POLICE,BRONX,40,INSIDE,RESIDENCE - PUBLIC HOUSING,,MITCHEL,1005530,233943,40.808777943,-73.923130702,"(40.808777943, -73.923130702)"
839064761,12/29/2016,19:20:00,12/29/2016,19:50:00,01/10/2017,361,OFF. AGNST PUB ORD SENSBLTY &,639,AGGRAVATED HARASSMENT 2,COMPLETED,MISDEMEANOR,N.Y. HOUSING POLICE,BRONX,43,INSIDE,RESIDENCE - PUBLIC HOUSING,,BRONXDALE,1022040,240165,40.825800379,-73.86345589,"(40.825800379, -73.86345589)"
900122465,12/29/2016,16:00:00,12/29/2016,17:00:00,01/09/2017,578,HARRASSMENT 2,638,"HARASSMENT,SUBD 3,4,5",COMPLETED,VIOLATION,N.Y. POLICE DEPT,BRONX,46,INSIDE,RESIDENCE - APT. HOUSE,,,1009507,248110,40.847651823,-73.908711075,"(40.847651823, -73.908711075)"
848571060,12/29/2016,19:00:00,01/08/2017,12:00:00,01/08/2017,361,OFF. AGNST PUB ORD SENSBLTY &,639,AGGRAVATED HARASSMENT 2,COMPLETED,MISDEMEANOR,N.Y. HOUSING POLICE,BRONX,42,INSIDE,RESIDENCE - PUBLIC HOUSING,,FOREST,1011100,239163,40.823090204,-73.90298906,"(40.823090204, -73.90298906)"
509925218,12/29/2016,15:00:00,12/29/2016,16:00:00,01/05/2017,578,HARRASSMENT 2,638,"HARASSMENT,SUBD 3,4,5",COMPLETED,VIOLATION,N.Y. POLICE DEPT,BRONX,44,INSIDE,RESIDENCE - APT. HOUSE,,,1007008,244834,40.838666958,-73.917754718,"(40.838666958, -73.917754718)"
238726999,12/29/2016,21:51:00,12/29/2016,23:00:00,01/03/2017,351,CRIMINAL MISCHIEF & RELATED OF,256,"MISCHIEF, CRIMINAL 4, BY FIRE",COMPLETED,MISDEMEANOR,OTHER,BRONX,48,INSIDE,RESIDENCE - APT. HOUSE,,,1013475,248306,40.848177544,-73.894368063,"(40.848177544, -73.894368063)"
898035130,12/29/2016,12:00:00,12/30/2016,12:00:00,01/03/2017,351,CRIMINAL MISCHIEF & RELATED OF,259,"CRIMINAL MISCHIEF,UNCLASSIFIED 4",COMPLETED,MISDEMEANOR,N.Y. POLICE DEPT,BRONX,50,FRONT OF,RESIDENCE - APT. HOUSE,,,1011470,259560,40.879072764,-73.901569396,"(40.879072764, -73.901569396)"
818474139,12/29/2016,20:49:00,12/29/2016,21:00:00,01/02/2017,578,HARRASSMENT 2,638,"HARASSMENT,SUBD 3,4,5",COMPLETED,VIOLATION,N.Y. HOUSING POLICE,BRONX,45,INSIDE,RESIDENCE - PUBLIC HOUSING,,THROGGS NECK,1032930,239207,40.823117641,-73.824114397,"(40.823117641, -73.824114397)"
967138476,12/29/2016,12:00:00,01/02/2017,13:00:00,01/02/2017,578,HARRASSMENT 2,638,"HARASSMENT,SUBD 3,4,5",COMPLETED,VIOLATION,N.Y. POLICE DEPT,BRONX,47,INSIDE,RESIDENCE-HOUSE,,,1023077,264473,40.892513966,-73.859568127,"(40.892513966, -73.859568127)"
431962704,12/29/2016,09:45:00,,,01/02/2017,361,OFF. AGNST PUB ORD SENSBLTY &,639,AGGRAVATED HARASSMENT 2,COMPLETED,MISDEMEANOR,N.Y. HOUSING POLICE,BRONX,40,INSIDE,RESIDENCE - PUBLIC HOUSING,,,1007753,235353,40.812642367,-73.915095523,"(40.812642367, -73.915095523)"
743895026,12/29/2016,10:20:00,12/29/2016,18:00:00,01/01/2017,361,OFF. AGNST PUB ORD SENSBLTY &,639,AGGRAVATED HARASSMENT 2,ATTEMPTED,MISDEMEANOR,N.Y. POLICE DEPT,BRONX,43,INSIDE,COMMERCIAL BUILDING,,,1020591,239446,40.823833011,-73.868695407,"(40.823833011, -73.868695407)"
188798578,12/30/2016,08:37:00,,,01/24/2017,351,CRIMINAL MISCHIEF & RELATED OF,258,"CRIMINAL MISCHIEF 4TH, GRAFFIT",COMPLETED,MISDEMEANOR,N.Y. POLICE DEPT,BRONX,45,,STREET,,,1032483,246397,40.842854539,-73.825677764,"(40.842854539, -73.825677764)"
198659502,12/30/2016,15:06:00,,,01/11/2017,351,CRIMINAL MISCHIEF & RELATED OF,259,"CRIMINAL MISCHIEF,UNCLASSIFIED 4",COMPLETED,MISDEMEANOR,N.Y. POLICE DEPT,BRONX,46,INSIDE,RESIDENCE - APT. HOUSE,,,1009041,247401,40.845707148,-73.910398033,"(40.845707148, -73.910398033)"
979123582,12/30/2016,08:27:00,,,01/10/2017,351,CRIMINAL MISCHIEF & RELATED OF,258,"CRIMINAL MISCHIEF 4TH, GRAFFIT",COMPLETED,MISDEMEANOR,N.Y. POLICE DEPT,BRONX,45,,STREET,,,1032711,244939,40.838851513,-73.824864264,"(40.838851513, -73.824864264)"
854737824,12/30/2016,18:00:00,12/30/2016,19:00:00,01/09/2017,578,HARRASSMENT 2,638,"HARASSMENT,SUBD 3,4,5",COMPLETED,VIOLATION,N.Y. POLICE DEPT,BRONX,52,INSIDE,RESIDENCE - APT. HOUSE,,,1016398,256004,40.869296071,-73.883766008,"(40.869296071, -73.883766008)"
512915322,12/30/2016,13:18:00,12/30/2016,13:30:00,01/06/2017,578,HARRASSMENT 2,638,"HARASSMENT,SUBD 3,4,5",COMPLETED,VIOLATION,N.Y. POLICE DEPT,BRONX,45,,STREET,,,1032349,240471,40.826590139,-73.826204558,"(40.826590139, -73.826204558)"
865281877,12/30/2016,18:00:00,,,01/04/2017,361,OFF. AGNST PUB ORD SENSBLTY &,639,AGGRAVATED HARASSMENT 2,COMPLETED,MISDEMEANOR,N.Y. POLICE DEPT,BRONX,44,INSIDE,RESIDENCE - APT. HOUSE,,,1005064,243644,40.835405549,-73.924783966,"(40.835405549, -73.924783966)"
820567560,12/30/2016,17:30:00,12/30/2016,17:40:00,01/04/2017,578,HARRASSMENT 2,638,"HARASSMENT,SUBD 3,4,5",COMPLETED,VIOLATION,N.Y. POLICE DEPT,BRONX,50,INSIDE,RESIDENCE - APT. HOUSE,,,1013612,260980,40.882963355,-73.89381735,"(40.882963355, -73.89381735)"
560955278,12/30/2016,08:01:00,,,01/03/2017,351,CRIMINAL MISCHIEF & RELATED OF,258,"CRIMINAL MISCHIEF 4TH, GRAFFIT",COMPLETED,MISDEMEANOR,N.Y. POLICE DEPT,BRONX,45,,HIGHWAY/PARKWAY,,,1032091,241976,40.830722328,-73.827126059,"(40.830722328, -73.827126059)"
242390470,12/30/2016,07:57:00,,,01/03/2017,351,CRIMINAL MISCHIEF & RELATED OF,258,"CRIMINAL MISCHIEF 4TH, GRAFFIT",COMPLETED,MISDEMEANOR,N.Y. POLICE DEPT,BRONX,45,,HIGHWAY/PARKWAY,,,1028967,245600,40.840685514,-73.838390573,"(40.840685514, -73.838390573)"
830351733,12/30/2016,20:00:00,01/02/2017,07:30:00,01/02/2017,351,CRIMINAL MISCHIEF & RELATED OF,254,"MISCHIEF, CRIMINAL 4, OF MOTOR",COMPLETED,MISDEMEANOR,N.Y. POLICE DEPT,BRONX,41,,STREET,,,1014736,236773,40.816518531,-73.889862609,"(40.816518531, -73.889862609)"
237207628,12/30/2016,01:30:00,12/30/2016,02:30:00,01/02/2017,351,CRIMINAL MISCHIEF & RELATED OF,256,"MISCHIEF, CRIMINAL 4, BY FIRE",COMPLETED,MISDEMEANOR,N.Y. POLICE DEPT,BRONX,48,INSIDE,RESIDENCE - APT. HOUSE,,,1012432,248738,40.849366646,-73.898136153,"(40.849366646, -73.898136153)"
403421924,12/30/2016,17:00:00,01/01/2017,18:15:00,01/01/2017,578,HARRASSMENT 2,638,"HARASSMENT,SUBD 3,4,5",COMPLETED,VIOLATION,N.Y. POLICE DEPT,BRONX,46,INSIDE,RESIDENCE - APT. HOUSE,,,1012120,252873,40.860716972,-73.899246702,"(40.860716972, -73.899246702)"
694351942,12/30/2016,07:00:00,01/01/2017,07:00:00,01/01/2017,361,OFF. AGNST PUB ORD SENSBLTY &,639,AGGRAVATED HARASSMENT 2,COMPLETED,MISDEMEANOR,N.Y. POLICE DEPT,BRONX,45,INSIDE,RESIDENCE - APT. HOUSE,,,1032380,259229,40.878075016,-73.825957883,"(40.878075016, -73.825957883)"
567059234,12/31/2016,13:29:00,01/20/2017,17:20:00,01/20/2017,361,OFF. AGNST PUB ORD SENSBLTY &,639,AGGRAVATED HARASSMENT 2,COMPLETED,MISDEMEANOR,N.Y. POLICE DEPT,BRONX,41,INSIDE,RESIDENCE - APT. HOUSE,,,1012227,238944,40.822485613,-73.898917985,"(40.822485613, -73.898917985)"
884806316,12/31/2016,10:00:00,12/31/2016,12:00:00,01/20/2017,578,HARRASSMENT 2,638,"HARASSMENT,SUBD 3,4,5",COMPLETED,VIOLATION,N.Y. HOUSING POLICE,BRONX,42,INSIDE,RESIDENCE - PUBLIC HOUSING,,FRANKLIN AVENUE I CONVENTIONAL,1011587,242656,40.832675994,-73.901215237,"(40.832675994, -73.901215237)"
751053822,12/31/2016,19:00:00,,,01/19/2017,578,HARRASSMENT 2,638,"HARASSMENT,SUBD 3,4,5",COMPLETED,VIOLATION,N.Y. POLICE DEPT,BRONX,43,FRONT OF,RESIDENCE - APT. HOUSE,,,1018182,239891,40.82506399,-73.877397261,"(40.82506399, -73.877397261)"
444827540,12/31/2016,18:00:00,,,01/19/2017,578,HARRASSMENT 2,638,"HARASSMENT,SUBD 3,4,5",COMPLETED,VIOLATION,N.Y. POLICE DEPT,BRONX,43,FRONT OF,RESIDENCE - APT. HOUSE,,,1018182,239891,40.82506399,-73.877397261,"(40.82506399, -73.877397261)"
112658195,12/31/2016,21:00:00,01/09/2017,22:00:00,01/10/2017,361,OFF. AGNST PUB ORD SENSBLTY &,639,AGGRAVATED HARASSMENT 2,COMPLETED,MISDEMEANOR,N.Y. POLICE DEPT,BRONX,52,INSIDE,RESIDENCE - APT. HOUSE,,,1009562,253183,40.861575533,-73.908493126,"(40.861575533, -73.908493126)"
977585983,12/31/2016,23:45:00,,,01/06/2017,361,OFF. AGNST PUB ORD SENSBLTY &,639,AGGRAVATED HARASSMENT 2,COMPLETED,MISDEMEANOR,N.Y. POLICE DEPT,BRONX,49,INSIDE,RESIDENCE - APT. HOUSE,,,1020075,255282,40.867300246,-73.870475195,"(40.867300246, -73.870475195)"
246945602,12/31/2016,13:50:00,12/31/2016,14:00:00,01/06/2017,578,HARRASSMENT 2,637,"HARASSMENT,SUBD 1,CIVILIAN",COMPLETED,VIOLATION,N.Y. POLICE DEPT,BRONX,52,FRONT OF,RESIDENCE - APT. HOUSE,,,1016402,258131,40.875134015,-73.883741339,"(40.875134015, -73.883741339)"
338899710,12/31/2016,17:00:00,12/31/2016,18:00:00,01/05/2017,578,HARRASSMENT 2,638,"HARASSMENT,SUBD 3,4,5",COMPLETED,VIOLATION,N.Y. POLICE DEPT,BRONX,46,INSIDE,RESIDENCE - APT. HOUSE,,,1012531,251809,40.857795307,-73.897765359,"(40.857795307, -73.897765359)"
323138301,12/31/2016,22:00:00,01/02/2017,19:00:00,01/02/2017,121,CRIMINAL MISCHIEF & RELATED OF,269,"MISCHIEF,CRIMINAL,    UNCL 2ND",COMPLETED,FELONY,N.Y. POLICE DEPT,BRONX,52,INSIDE,RESIDENCE - APT. HOUSE,,,1011430,253871,40.863458331,-73.901737119,"(40.863458331, -73.901737119)"
779869397,12/31/2016,22:00:00,,,01/02/2017,351,CRIMINAL MISCHIEF & RELATED OF,254,"MISCHIEF, CRIMINAL 4, OF MOTOR",COMPLETED,MISDEMEANOR,N.Y. POLICE DEPT,BRONX,44,FRONT OF,STREET,,,1005871,242674,40.832741241,-73.921870763,"(40.832741241, -73.921870763)"
990755762,12/31/2016,19:00:00,01/02/2017,11:00:00,01/02/2017,351,CRIMINAL MISCHIEF & RELATED OF,254,"MISCHIEF, CRIMINAL 4, OF MOTOR",COMPLETED,MISDEMEANOR,N.Y. POLICE DEPT,BRONX,46,FRONT OF,STREET,,,1005357,247708,40.846559347,-73.923712335,"(40.846559347, -73.923712335)"
867906413,12/31/2016,19:00:00,01/02/2017,13:00:00,01/02/2017,351,CRIMINAL MISCHIEF & RELATED OF,254,"MISCHIEF, CRIMINAL 4, OF MOTOR",COMPLETED,MISDEMEANOR,N.Y. POLICE DEPT,BRONX,52,FRONT OF,STREET,,,1013095,257541,40.873526075,-73.895701823,"(40.873526075, -73.895701823)"
990492734,12/31/2016,18:00:00,01/02/2017,12:45:00,01/02/2017,351,CRIMINAL MISCHIEF & RELATED OF,254,"MISCHIEF, CRIMINAL 4, OF MOTOR",COMPLETED,MISDEMEANOR,N.Y. POLICE DEPT,BRONX,52,FRONT OF,STREET,,,1013095,257541,40.873526075,-73.895701823,"(40.873526075, -73.895701823)"
327976390,12/31/2016,15:00:00,01/02/2017,08:45:00,01/02/2017,351,CRIMINAL MISCHIEF & RELATED OF,254,"MISCHIEF, CRIMINAL 4, OF MOTOR",COMPLETED,MISDEMEANOR,N.Y. POLICE DEPT,BRONX,42,OPPOSITE OF,STREET,,,1010208,240350,40.826350847,-73.906207373,"(40.826350847, -73.906207373)"
708504551,12/31/2016,10:30:00,12/31/2016,10:40:00,01/02/2017,578,HARRASSMENT 2,638,"HARASSMENT,SUBD 3,4,5",COMPLETED,VIOLATION,N.Y. HOUSING POLICE,BRONX,42,FRONT OF,RESIDENCE - PUBLIC HOUSING,,FRANKLIN AVENUE I CONVENTIONAL,1011587,242656,40.832675994,-73.901215237,"(40.832675994, -73.901215237)"
684133566,12/31/2016,23:40:00,,,01/01/2017,578,HARRASSMENT 2,638,"HARASSMENT,SUBD 3,4,5",COMPLETED,VIOLATION,N.Y. POLICE DEPT,BRONX,43,INSIDE,RESIDENCE - APT. HOUSE,,,1020694,242434,40.832033785,-73.868307022,"(40.832033785, -73.868307022)"
532602857,12/31/2016,22:30:00,12/31/2016,22:45:00,01/01/2017,578,HARRASSMENT 2,637,"HARASSMENT,SUBD 1,CIVILIAN",COMPLETED,VIOLATION,N.Y. POLICE DEPT,BRONX,40,INSIDE,RESIDENCE - APT. HOUSE,,,1007164,239140,40.823038163,-73.917210387,"(40.823038163, -73.917210387)"
167802633,12/31/2016,21:30:00,01/01/2017,09:30:00,01/01/2017,351,CRIMINAL MISCHIEF & RELATED OF,254,"MISCHIEF, CRIMINAL 4, OF MOTOR",COMPLETED,MISDEMEANOR,N.Y. POLICE DEPT,BRONX,46,FRONT OF,STREET,,,1005303,248396,40.848447832,-73.923905353,"(40.848447832, -73.923905353)"
278110572,12/31/2016,21:00:00,12/31/2016,22:00:00,01/01/2017,351,CRIMINAL MISCHIEF & RELATED OF,259,"CRIMINAL MISCHIEF,UNCLASSIFIED 4",COMPLETED,MISDEMEANOR,N.Y. POLICE DEPT,BRONX,49,FRONT OF,RESIDENCE - APT. HOUSE,,,1025682,246375,40.842828683,-73.850258019,"(40.842828683, -73.850258019)"
634632161,12/31/2016,20:00:00,01/01/2017,02:00:00,01/01/2017,351,CRIMINAL MISCHIEF & RELATED OF,254,"MISCHIEF, CRIMINAL 4, OF MOTOR",COMPLETED,MISDEMEANOR,N.Y. POLICE DEPT,BRONX,43,FRONT OF,STREET,,,1024058,238894,40.822302984,-73.856171859,"(40.822302984, -73.856171859)"
312786672,12/31/2016,20:00:00,01/01/2017,15:00:00,01/01/2017,121,CRIMINAL MISCHIEF & RELATED OF,267,"MISCHIEF, CRIMINAL 3 & 2, OF M",COMPLETED,FELONY,N.Y. HOUSING POLICE,BRONX,40,FRONT OF,STREET,,,1005170,235308,40.812525348,-73.924426892,"(40.812525348, -73.924426892)"
437994074,12/31/2016,19:30:00,01/01/2017,07:30:00,01/01/2017,351,CRIMINAL MISCHIEF & RELATED OF,259,"CRIMINAL MISCHIEF,UNCLASSIFIED 4",COMPLETED,MISDEMEANOR,N.Y. POLICE DEPT,BRONX,44,FRONT OF,STREET,,,1007369,244370,40.837392476,-73.916451675,"(40.837392476, -73.916451675)"
833298940,12/31/2016,19:00:00,01/01/2017,15:00:00,01/01/2017,121,CRIMINAL MISCHIEF & RELATED OF,267,"MISCHIEF, CRIMINAL 3 & 2, OF M",COMPLETED,FELONY,N.Y. POLICE DEPT,BRONX,50,FRONT OF,STREET,,,1011514,269372,40.906003447,-73.901370336,"(40.906003447, -73.901370336)"
158991288,12/31/2016,17:40:00,01/01/2017,16:00:00,01/01/2017,351,CRIMINAL MISCHIEF & RELATED OF,259,"CRIMINAL MISCHIEF,UNCLASSIFIED 4",COMPLETED,MISDEMEANOR,N.Y. POLICE DEPT,BRONX,45,FRONT OF,RESIDENCE-HOUSE,,,1025478,245686,40.840938537,-73.85099955,"(40.840938537, -73.85099955)"
564087437,12/31/2016,17:00:00,01/01/2017,11:30:00,01/01/2017,351,CRIMINAL MISCHIEF & RELATED OF,254,"MISCHIEF, CRIMINAL 4, OF MOTOR",COMPLETED,MISDEMEANOR,N.Y. POLICE DEPT,BRONX,44,FRONT OF,STREET,,,1007715,241546,40.829640499,-73.915211145,"(40.829640499, -73.915211145)"
322118603,12/31/2016,16:00:00,01/01/2017,15:30:00,01/01/2017,351,CRIMINAL MISCHIEF & RELATED OF,254,"MISCHIEF, CRIMINAL 4, OF MOTOR",COMPLETED,MISDEMEANOR,N.Y. POLICE DEPT,BRONX,43,,STREET,,,1028537,243495,40.834910075,-73.839958524,"(40.834910075, -73.839958524)"
464481635,12/31/2016,12:00:00,,,01/01/2017,578,HARRASSMENT 2,638,"HARASSMENT,SUBD 3,4,5",COMPLETED,VIOLATION,N.Y. POLICE DEPT,BRONX,44,INSIDE,RESIDENCE - APT. HOUSE,,,1007383,245479,40.840436321,-73.916397256,"(40.840436321, -73.916397256)"
